id,name,type,subtype,size,alignment,environment,cr,xp,str,dex,con,int,wis,cha,ac,ac_type,hp,hp_formula,hit_dice,speed_walk,speed_fly,speed_swim,speed_climb,speed_burrow,can_hover,darkvision,blindsight,tremorsense,truesight,special_senses,skills,saves,damage_vulnerabilities,damage_resistances,damage_immunities,condition_immunities,languages,telepathy,source_book,source_page,token_width,token_height,token_image,portrait_image
shhHtE7b92PefCWB,Aboleth,aberration,,Large,Lawful Evil,Underdark,10,5900,21,9,15,18,15,18,17,natural,135,18d10 + 36,0,10,0,40,0,0,false,120,0,0,0,,"his, prc","CON, INT, WIS",,,,,deep,Telepathy 120 ft.,SRD 5.1,,2,2,,
CHEUjiYrVM9X0vIT,Acolyte,humanoid,,Medium,Any,,0.25,50,10,10,10,10,14,11,10,natural,9,2d8,0,30,0,0,0,0,false,0,0,0,0,,"med, rel",,,,,,,Any one language (usually common),SRD 5.1,,1,1,,
M4eX4Mu5IHCr3TMf,Adult Black Dragon,dragon,,Huge,Chaotic Evil,Swamp,14,11500,23,14,21,14,13,17,19,natural,195,17d12 + 85,0,40,80,40,0,0,false,120,60,0,0,,"prc, ste","DEX, CON, WIS, CHA",,,acid,,"common, draconic",,SRD 5.1,,3,3,,
cGM3iVYTtCsYXjzO,Adult Blue Dragon,dragon,,Huge,Lawful Evil,Desert,16,15000,25,10,23,16,15,19,19,natural,225,18d12 + 108,0,40,80,0,0,30,false,120,60,0,0,,"prc, ste","DEX, CON, CHA",,,lightning,,"common, draconic",,SRD 5.1,,3,3,,
7vswgicsiMfS4ZTS,Adult Brass Dragon,dragon,,Huge,Chaotic Good,Desert,13,10000,23,10,21,14,13,17,18,natural,172,15d12 + 75,0,40,80,0,0,30,false,120,60,0,0,,"his, prc, per, ste","DEX, CON, WIS, CHA",,,fire,,"common, draconic",,SRD 5.1,,3,3,,
VCuG0Z3MrO8kfDU0,Adult Bronze Dragon,dragon,,Huge,Lawful Good,Coastal,15,13000,25,10,23,16,15,19,19,natural,212,17d12 + 102,0,40,80,40,0,0,false,120,60,0,0,,"ins, prc, ste","DEX, CON, WIS, CHA",,,lightning,,"common, draconic",,SRD 5.1,,3,3,,
irz834sqAxRihtSG,Adult Copper Dragon,dragon,,Huge,Chaotic Good,Hill,14,11500,23,12,21,18,15,17,18,natural,184,16d12 + 80,0,40,80,0,40,0,false,120,60,0,0,,"dec, prc, ste","DEX, CON, WIS, CHA",,,acid,,"common, draconic",,SRD 5.1,,3,3,,
MO382D2sxtAIuUC5,Adult Gold Dragon,dragon,,Huge,Lawful Good,Grassland,17,18000,27,14,25,16,15,24,19,natural,256,19d12 + 133,0,40,80,40,0,0,false,120,60,0,0,,"ins, prc, per, ste","DEX, CON, WIS, CHA",,,fire,,"common, draconic",,SRD 5.1,,3,3,,
GP8JMSDugRxuLOD2,Adult Green Dragon,dragon,,Huge,Lawful Evil,Forest,15,13000,23,12,21,18,15,17,19,natural,207,18d12 + 90,0,40,80,40,0,0,false,120,60,0,0,,"dec, ins, prc, per, ste","DEX, CON, WIS, CHA",,,poison,poisoned,"common, draconic",,SRD 5.1,,3,3,,
ZyIBOoZZD0nDaO2s,Adult Red Dragon,dragon,,Huge,Chaotic Evil,Mountain,17,18000,27,10,25,16,13,21,19,natural,256,19d12 + 133,0,40,80,0,40,0,false,120,60,0,0,,"prc, ste","DEX, CON, WIS, CHA",,,fire,,"common, draconic",,SRD 5.1,,3,3,,
geM2F7HvVGhtk3h4,Adult Silver Dragon,dragon,,Huge,Lawful Good,Mountain,16,15000,27,10,25,16,13,21,19,natural,243,18d12 + 126,0,40,80,0,0,0,false,120,60,0,0,,"arc, his, prc, ste","DEX, CON, WIS, CHA",,,cold,,"common, draconic",,SRD 5.1,,3,3,,
3uIursokd3KdZrW3,Adult White Dragon,dragon,,Huge,Chaotic Evil,Arctic,13,10000,22,10,22,8,12,12,18,natural,200,16d12 + 96,0,40,80,40,0,30,false,120,60,0,0,,"prc, ste","DEX, CON, WIS, CHA",,,cold,,"common, draconic",,SRD 5.1,,3,3,,
banHjKDMCegbUwYE,Air Elemental,elemental,,Large,Neutral,Mountain,5,1800,14,20,14,6,10,6,15,natural,90,12d10 + 24,0,0,90,0,0,0,true,60,0,0,0,,,,,"bludgeoning, lightning, piercing, slashing, thunder",poison,"grappled, paralyzed, petrified, poisoned, prone, restrained, unconscious, exhaustion",auran,,SRD 5.1,,2,2,,
qNdFhY3JOkCfhG3d,Ancient Black Dragon,dragon,,Gargantuan,Chaotic Evil,Swamp,21,33000,27,14,25,16,15,19,22,natural,367,21d20 + 147,0,40,80,40,0,0,false,120,60,0,0,,"prc, ste","DEX, CON, WIS, CHA",,,acid,,"common, draconic",,SRD 5.1,,4,4,,
SNT0JNVSngUTsj4m,Ancient Blue Dragon,dragon,,Gargantuan,Lawful Evil,Desert,23,50000,29,10,27,18,17,21,22,natural,481,26d20+208,0,40,80,0,0,40,false,120,60,0,0,,"prc, ste","DEX, CON, WIS, CHA",,,lightning,,"common, draconic",,SRD 5.1,,4,4,,
pAuiNDr7nvpsW9nG,Ancient Brass Dragon,dragon,,Gargantuan,Chaotic Good,Desert,20,25000,27,10,25,16,15,19,20,natural,297,17d20+119,0,40,80,0,0,40,false,120,60,0,0,,"his, prc, per, ste","DEX, CON, WIS, CHA",,,fire,,"common, draconic",,SRD 5.1,,4,4,,
35Y64PEFFdvQS0ra,Ancient Bronze Dragon,dragon,,Gargantuan,Lawful Good,Coastal,22,41000,29,10,27,18,17,21,22,natural,444,24d20+192,0,40,80,40,0,0,false,120,60,0,0,,"ins, prc, ste","DEX, CON, WIS, CHA",,,lightning,,"common, draconic",,SRD 5.1,,4,4,,
u0FWdplSOMTXGnN1,Ancient Copper Dragon,dragon,,Gargantuan,Chaotic Good,Hill,21,33000,27,12,25,20,17,19,21,natural,350,20d20 +140,0,40,80,0,40,0,false,120,60,0,0,,"dec, prc, ste","DEX, CON, WIS, CHA",,,acid,,"common, draconic",,SRD 5.1,,4,4,,
ckOF3vQrnjFnZIDU,Ancient Gold Dragon,dragon,,Gargantuan,Lawful Good,Grassland,24,62000,30,14,29,18,17,28,22,natural,546,28d20+252,0,40,80,40,0,0,false,120,60,0,0,,"ins, prc, per, ste","DEX, CON, WIS, CHA",,,fire,,"common, draconic",,SRD 5.1,,4,4,,
zjqjcRWKDMc59Tnx,Ancient Green Dragon,dragon,,Gargantuan,Lawful Evil,Forest,22,41000,27,12,25,20,17,19,21,natural,385,22d20+154,0,40,80,40,0,0,false,120,60,0,0,,"dec, ins, prc, per, ste","DEX, CON, WIS, CHA",,,poison,poisoned,"common, draconic",,SRD 5.1,,4,4,,
vFeFRlF2FOgf2HIL,Ancient Red Dragon,dragon,,Gargantuan,Chaotic Evil,Mountain,24,62000,30,10,29,18,15,23,22,natural,546,28d20+252,0,40,80,0,40,0,false,120,60,0,0,,"prc, ste","DEX, CON, WIS, CHA",,,fire,,"common, draconic",,SRD 5.1,,4,4,,
gf9QbHdMAfvFtxcv,Ancient Silver Dragon,dragon,,Gargantuan,Lawful Good,Mountain,23,50000,30,10,29,18,15,23,22,natural,487,25d20 + 225,0,40,80,0,0,0,false,120,60,0,0,,"arc, his, prc, ste","DEX, CON, WIS, CHA",,,cold,,"common, draconic",,SRD 5.1,,4,4,,
aTITHYYxthuZBPBn,Ancient White Dragon,dragon,,Gargantuan,Chaotic Evil,Arctic,20,25000,26,10,26,10,13,14,20,natural,333,18d20+144,0,40,80,40,0,30,false,120,60,0,0,,"prc, ste","DEX, CON, WIS, CHA",,,cold,,"common, draconic",,SRD 5.1,,4,4,,
nEC1BRwM8Lx9hLXW,Androsphinx,monstrosity,,Large,Lawful Neutral,Desert,17,18000,22,10,20,16,18,23,17,natural,199,19d10 + 95,0,40,60,0,0,0,false,0,0,0,120,,"arc, prc, rel","DEX, CON, INT, WIS",,,"bludgeoning, piercing, psychic, slashing","charmed, frightened",common,Sphinx,SRD 5.1,,2,2,,
eORmAXuV5v3nWsQL,Animated Armor,construct,,Medium,Unaligned,,1,200,14,11,13,1,3,1,18,natural,33,6d8 + 6,0,25,0,0,0,0,false,0,60,0,0,Blind beyond this radius,,,,,"poison, psychic","blinded, charmed, deafened, frightened, paralyzed, petrified, poisoned, exhaustion",,,SRD 5.1,,1,1,,
Wcsjbl25uiUsyQwn,Ankheg,monstrosity,,Large,Unaligned,Grassland,2,450,17,11,13,1,13,6,14,natural,39,6d10 + 6,0,30,0,0,0,10,false,60,0,60,0,,,,,,,,,,SRD 5.1,,2,2,,
K5cKmPoFkpuOotis,Ape,beast,,Medium,Unaligned,Forest,0.5,100,16,14,14,6,12,7,12,natural,19,3d8 + 6,0,30,0,0,30,0,false,0,0,0,0,,"ath, prc",,,,,,,,SRD 5.1,,1,1,,
tuHyePQ9GazMTyc0,Arcane Eye,,,Medium,,,0,10,0,0,0,0,0,0,10,flat,0,,0,0,30,0,0,0,true,0,0,0,0,,,,,,,,,,SRD 5.1,,1,1,,
iHj5Tkm6HRgXuaWP,Arcane Hand,,,Large,,,0,10,26,10,0,0,0,0,20,flat,0,,0,0,60,0,0,0,true,0,0,0,0,,,,,,,,,,SRD 5.1,,2,2,,
Tac7eq0AXJco0nml,Arcane Sword,,,Medium,,,0,10,0,0,0,0,0,0,10,flat,0,,0,0,20,0,0,0,true,0,0,0,0,,,,,,,,,,SRD 5.1,,1,1,,
B7lBOr1AahNZs4a6,Archmage,humanoid,,Medium,,,12,8400,10,14,12,20,15,16,12,natural,99,18d8 + 18,0,30,0,0,0,0,false,0,0,0,0,,"arc, his","INT, WIS",,,,,,(Any 6 Languages),SRD 5.1,,1,1,,
EMvcuOpu7ABCmBWi,Assassin,humanoid,,Medium,Any non-good,,8,3900,11,16,14,13,11,10,10,default,78,12d8 + 24,0,30,0,0,0,0,false,0,0,0,0,,"acr, dec, prc, ste","DEX, INT",,poison,,,"cant, custom",any two languages,SRD 5.1,,1,1,,
XiSWKZzAUxdmFOLL,Avatar of Death,undead,,Medium,Neutral Evil,,,0,16,16,16,16,16,16,20,natural,1,,0,60,60,0,0,0,true,60,0,0,60,,,,,,"necrotic, poison","charmed, frightened, paralyzed, petrified, poisoned, unconscious",,All languages known to its summoner,SRD 5.1,,1,1,,
gaSTr7DFZJLmgI2J,Awakened Shrub,plant,,Small,Unaligned,Forest,0,10,3,8,11,10,10,6,9,natural,10,3d6,0,20,0,0,0,0,false,0,0,0,0,,,,fire,piercing,,,,one language known by its creator,SRD 5.1,,1,1,,
UR2gWLFHmFwG7ReH,Awakened Tree,plant,,Huge,Unaligned,Forest,2,450,19,6,15,10,10,7,13,natural,59,7d12 + 14,0,20,0,0,0,0,false,0,0,0,0,,,,fire,"bludgeoning, piercing",,,,one language known by its creator,SRD 5.1,,3,3,,
SXXvwaLBNuzBymp3,Axe Beak,beast,,Large,Unaligned,Grassland,0.25,50,14,12,12,2,10,5,11,natural,19,3d10 + 3,0,50,0,0,0,0,false,0,0,0,0,,,,,,,,,,SRD 5.1,,2,2,,
IiEDPMWqBlzkggYD,Azer,elemental,,Medium,Lawful Neutral,,2,450,17,12,15,12,13,10,15,natural,39,6d8 + 12,0,30,0,0,0,0,false,0,0,0,0,,,CON,,,"fire, poison",poisoned,ignan,,SRD 5.1,,1,1,,
JW8bXggOMBx1S6tF,Baboon,beast,,Small,Unaligned,Forest,0,10,8,14,11,4,12,6,12,natural,3,1d6,0,30,0,0,30,0,false,0,0,0,0,,,,,,,,,,SRD 5.1,,1,1,,
oQvORD924obyPdCc,Badger,beast,,Tiny,Unaligned,Forest,0,10,4,11,12,2,12,5,10,natural,3,1d4 + 1,0,20,0,0,0,5,false,30,0,0,0,,,,,,,,,,SRD 5.1,,0.5,0.5,,
uZ8NrRenwYZ4qNf6,Balor,fiend,Demon,Huge,Chaotic Evil,,19,22000,26,15,22,20,16,22,19,natural,262,21d12 + 126,0,40,80,0,0,0,false,0,0,0,120,,,"STR, CON, WIS, CHA",,"bludgeoning, cold, lightning, piercing, slashing","fire, poison",,abyssal,Telepathy 120 ft.,SRD 5.1,,3,3,,
rb7OJt822wIO52qY,Bandit Captain,humanoid,Any Race,Medium,Any Non-Lawful Alignment,,2,450,15,16,14,14,11,14,10,default,65,10d8 + 20,0,30,0,0,0,0,false,0,0,0,0,,"ath, dec","STR, DEX, WIS",,,,,,any two languages,SRD 5.1,,1,1,,
n4TEv7inVUkyZviN,Bandit,humanoid,,Medium,Any Non-Lawful,,0.125,25,11,12,12,10,10,10,10,default,11,2d8 + 2,0,30,0,0,0,0,false,0,0,0,0,,,,,,,,,any one language (usually Common),SRD 5.1,,1,1,,
sLdpiuaZF8lujJQy,Barbed Devil,fiend,Devil,Medium,Lawful Evil,,5,1800,16,17,18,12,14,14,15,natural,110,13d8 + 52,0,30,0,0,0,0,false,120,0,0,0,,"dec, ins, prc","STR, CON, WIS, CHA",,"bludgeoning, cold, piercing, slashing","fire, poison",poisoned,infernal,Telepathy 120 ft.,SRD 5.1,,1,1,,
hqj2yXtgwt64v3Lj,Basilisk,monstrosity,,Medium,Unaligned,Mountain,3,700,16,8,15,2,8,7,15,natural,52,8d8 + 16,0,20,0,0,0,0,false,60,0,0,0,,,,,,,,,,SRD 5.1,,1,1,,
qav2dvMIUiMQCCsy,Bat,beast,,Tiny,Unaligned,Forest,0,10,2,15,8,2,12,4,12,natural,1,1d4 - 1,0,5,30,0,0,0,false,0,60,0,0,,,,,,,,,,SRD 5.1,,0.5,0.5,,
9ggQBmAKXraOtz7S,Bearded Devil,fiend,Devil,Medium,Lawful Evil,,3,700,16,15,15,9,11,11,13,natural,52,8d8 + 16,0,30,0,0,0,0,false,120,0,0,0,,,"STR, CON, WIS",,"bludgeoning, cold, piercing, slashing","fire, poison",poisoned,infernal,Telepathy 120 ft.,SRD 5.1,,1,1,,
x47ZnpHfYl0ptDM9,Behir,monstrosity,,Huge,Neutral Evil,Underdark,11,7200,23,16,18,7,14,12,17,natural,168,16d12 + 64,0,50,0,0,40,0,false,90,0,0,0,,"prc, ste",,,,lightning,,draconic,,SRD 5.1,,3,3,,
kz1t6xeXVwODpYb2,Berserker,humanoid,Any Race,Medium,Any Chaotic,,2,450,16,12,17,9,11,9,10,default,67,9d8 + 27,0,30,0,0,0,0,false,0,0,0,0,,,,,,,,,any one language (usually Common),SRD 5.1,,1,1,,
D5WjGwKskeUT8HXa,Black Bear,beast,,Medium,Unaligned,Forest,0.5,100,15,10,14,2,12,7,11,natural,19,3d8 + 6,0,40,0,0,30,0,false,0,0,0,0,,prc,,,,,,,,SRD 5.1,,1,1,,
IZMbiAHqQpzPo0CX,Black Dragon Wyrmling,dragon,,Medium,Chaotic Evil,,2,450,15,14,13,10,11,13,17,natural,33,6d8 + 6,0,30,60,30,0,0,false,60,10,0,0,,"prc, ste","DEX, CON, WIS, CHA",,,acid,,draconic,,SRD 5.1,,1,1,,
NwQpeeaMxAC3fRft,Black Pudding,ooze,,Large,Unaligned,Underdark,4,1100,16,5,16,1,6,1,7,natural,85,10d10 + 30,0,20,0,0,20,0,false,0,60,0,0,Blind beyond this radius,,,,,"acid, cold, lightning, slashing","blinded, charmed, deafened, frightened, prone, exhaustion",,,SRD 5.1,,2,2,,
jOANE6M0My6UJF4e,Blink Dog,fey,,Medium,Lawful Good,Forest,0.25,50,12,17,12,10,13,11,13,natural,22,4d8 + 4,0,40,0,0,0,0,false,0,0,0,0,,"prc, ste",,,,,,,Blink Dog;understands Sylvan but can't speak it,SRD 5.1,,1,1,,
AJiJW7K957aJJCN6,Blood Hawk,beast,,Small,Unaligned,Mountain,0.125,25,6,14,10,3,14,5,12,natural,7,2d6,0,10,60,0,0,0,false,0,0,0,0,,prc,,,,,,,,SRD 5.1,,1,1,,
najtPRiHLR6buSWe,Blue Dragon Wyrmling,dragon,,Medium,Lawful Evil,,3,700,17,10,15,12,11,15,17,natural,52,8d8 + 16,0,30,60,0,0,15,false,60,10,0,0,,"prc, ste","DEX, CON, WIS, CHA",,,lightning,,draconic,,SRD 5.1,,1,1,,
lZR4lhNmYSf89s4Q,Boar,beast,,Medium,Unaligned,Grassland,0.25,50,13,11,12,2,9,5,11,natural,11,2d8 + 2,0,40,0,0,0,0,false,0,0,0,0,,,,,,,,,,SRD 5.1,,1,1,,
AnseLn7HwuP97grf,Bone Devil,fiend,Devil,Large,Lawful Evil,,9,5000,18,16,18,13,14,16,19,natural,142,15d10 + 60,0,40,40,0,0,0,false,120,0,0,0,,"dec, ins","INT, WIS, CHA",,"bludgeoning, cold, piercing, slashing","fire, poison",poisoned,infernal,Telepathy 120 ft.,SRD 5.1,,2,2,,
azCbLQt5LAYwTI7U,Brass Dragon Wyrmling,dragon,,Medium,Chaotic Good,,1,200,15,10,13,10,11,13,16,natural,16,3d8 + 3,0,30,60,0,0,15,false,60,10,0,0,,"prc, ste","DEX, CON, WIS, CHA",,,fire,,draconic,,SRD 5.1,,1,1,,
hY9ptpO5Xl2tfkcj,Bronze Dragon Wyrmling,dragon,,Medium,Lawful Good,,2,450,17,10,15,12,11,15,17,natural,32,5d8 + 10,0,30,60,30,0,0,false,60,10,0,0,,"prc, ste","DEX, CON, WIS, CHA",,,lightning,,draconic,,SRD 5.1,,1,1,,
omcDpBoB69esCXeM,Brown Bear,beast,,Large,Unaligned,Forest,1,200,19,10,16,2,13,7,11,natural,34,4d10 + 12,0,40,0,0,30,0,false,0,0,0,0,,prc,,,,,,,,SRD 5.1,,2,2,,
QtJairF0h18BRhEM,Bugbear,humanoid,,Medium,Chaotic Evil,Underdark,1,200,15,14,13,8,11,9,10,default,27,5d8 + 5,0,30,0,0,0,0,false,60,0,0,0,,"ste, sur",,,,,,"common, goblin",,SRD 5.1,,1,1,,
1ES45ODWg3pCrkzv,Bulette,monstrosity,,Large,Unaligned,Mountain,5,1800,19,11,21,2,10,5,17,natural,94,9d10 + 45,0,40,0,0,0,40,false,60,0,60,0,,prc,,,,,,,,SRD 5.1,,2,2,,
FQMFuzzSh73d0Nrd,Camel,beast,,Large,Unaligned,Desert,0.125,25,16,8,14,2,8,5,9,natural,15,2d10 + 4,0,50,0,0,0,0,false,0,0,0,0,,,,,,,,,,SRD 5.1,,2,2,,
hIf83RD3ZVW4Egfi,Cat,beast,,Tiny,Unaligned,Grassland,0,10,3,15,10,3,12,7,12,natural,2,1d4,0,40,0,0,30,0,false,0,0,0,0,,"prc, ste",,,,,,,,SRD 5.1,,0.5,0.5,,
5kZNNWzZ6HrfKuWf,Centaur,monstrosity,,Large,Neutral Good,Grassland,2,450,18,14,14,9,13,11,12,natural,45,6d10 + 12,0,50,0,0,0,0,false,0,0,0,0,,"ath, prc, sur",,,,,,"elvish, sylvan",,SRD 5.1,,2,2,,
KtM6IV9I5l1MWUDk,Chain Devil,fiend,Devil,Medium,Lawful Evil,,8,3900,18,15,18,11,12,14,16,natural,85,10d8 + 40,0,30,0,0,0,0,false,120,0,0,0,,,"CON, WIS, CHA",,"bludgeoning, cold, piercing, slashing","fire, poison",poisoned,infernal,Telepathy 120 ft.,SRD 5.1,,1,1,,
kr6r8bhSehACPfZ8,Chimera,monstrosity,,Large,Chaotic Evil,Underdark,6,2300,19,11,19,3,14,10,14,natural,114,12d10 + 48,0,30,60,0,0,0,false,60,0,0,0,,prc,,,,,,,Understands Draconic but can't speak,SRD 5.1,,2,2,,
P6qC8jB3pnEH0tIE,Chuul,aberration,,Large,Chaotic Evil,Underdark,4,1100,19,10,16,5,11,5,16,natural,93,11d10 + 33,0,30,0,30,0,0,false,60,0,0,0,,prc,,,,poison,poisoned,,Understands Deep Speech but can't speak,SRD 5.1,,2,2,,
YOqhbf8WsX0jH9Fu,Clay Golem,construct,,Large,Unaligned,,9,5000,20,9,18,3,8,1,14,natural,133,14d10 + 56,0,20,0,0,0,0,false,60,0,0,0,,,,,,"acid, bludgeoning, piercing, poison, psychic, slashing","charmed, frightened, paralyzed, petrified, poisoned, exhaustion",,Understands the languages of its creator but can't speak,SRD 5.1,,2,2,,
HPUO3weiwRQnql0d,Cloaker,aberration,,Large,Chaotic Neutral,Underdark,8,3900,17,15,12,13,12,14,14,natural,78,12d10 + 12,0,10,40,0,0,0,false,60,0,0,0,,ste,,,,,,"deep, undercommon",,SRD 5.1,,2,2,,
Aw2wmqGIatxe2ImI,Cloud Giant,giant,,Huge,Neutral Good Evil(50%) or Neutral Evil(50%),Mountain,9,5000,27,10,22,12,16,16,14,natural,200,16d12 + 96,0,40,0,0,0,0,false,0,0,0,0,,"ins, prc","CON, WIS, CHA",,,,,"common, giant",,SRD 5.1,,3,3,,
EpYl7qifM5pq6W6B,Cockatrice,monstrosity,,Small,Unaligned,Grassland,0.5,100,6,12,12,2,13,5,11,natural,27,6d6 + 6,0,20,40,0,0,0,false,60,0,0,0,,,,,,,,,,SRD 5.1,,1,1,,
SqZRuJ8lt2KGJBbq,Commoner,humanoid,,Medium,Any,,0,10,10,10,10,10,10,10,10,natural,4,1d8,0,30,0,0,0,0,false,0,0,0,0,,,,,,,,,any one language (usually Common),SRD 5.1,,1,1,,
UTuKdTah1DKfPwWe,Constrictor Snake,beast,,Large,Unaligned,Underwater,0.25,50,15,14,12,1,10,3,12,natural,13,2d10 + 2,0,30,0,30,0,0,false,0,10,0,0,,,,,,,,,,SRD 5.1,,2,2,,
AyvniEKtyroOe83p,Copper Dragon Wyrmling,dragon,,Medium,Chaotic Good,,1,200,15,12,13,14,11,13,16,natural,22,4d8 + 4,0,30,60,0,30,0,false,60,10,0,0,,"prc, ste","DEX, CON, WIS, CHA",,,acid,,draconic,,SRD 5.1,,1,1,,
ZaP1H91t4FzbRqR5,Couatl,celestial,,Medium,Lawful Good,Grassland,4,1100,16,20,17,18,20,18,19,natural,97,13d8 + 39,0,30,90,0,0,0,false,0,0,0,120,,,"CON, WIS, CHA",,radiant,"bludgeoning, piercing, psychic, slashing",,,All; Telepathy 120 ft.,SRD 5.1,,1,1,,
8RgUhb31VvjUNZU1,Crab,beast,,Tiny,Unaligned,Coastal,0,10,2,11,10,1,8,2,11,natural,2,1d4,0,20,0,20,0,0,false,0,30,0,0,,ste,,,,,,,,SRD 5.1,,0.5,0.5,,
8aCTKP5qaBPFOqxM,Crocodile,beast,,Large,Unaligned,Swamp,0.5,100,15,10,13,2,10,5,12,natural,19,3d10 + 3,0,20,0,30,0,0,false,0,0,0,0,,ste,,,,,,,,SRD 5.1,,2,2,,
qkLNA1lKMMJpxuWg,Cultist,humanoid,,Medium,Any Non-Good Alignment,,0.125,25,11,12,10,10,11,10,10,default,9,2d8,0,30,0,0,0,0,false,0,0,0,0,,"dec, rel",,,,,,,any one language (usually Common),SRD 5.1,,1,1,,
tYfQIxCJT0WaaKmc,Cult Fanatic,humanoid,Any Race,Medium,Any Non-Good,,2,450,11,14,12,10,13,14,10,default,33,6d8 + 6,0,30,0,0,0,0,false,0,0,0,0,,"dec, per, rel",,,,,,,any one language (usually Common),SRD 5.1,,1,1,,
JNmHqTwkWayvkH37,Dancing Lights (medium),,,Medium,,,0,10,0,0,0,0,0,0,10,flat,0,,0,0,60,0,0,0,true,0,0,0,0,,,,,,,,,,SRD 5.1,,1,1,,
UrXp9O9N7DvdH9nL,Dancing Lights (tiny),,,Tiny,,,0,10,0,0,0,0,0,0,10,flat,0,,0,0,60,0,0,0,true,0,0,0,0,,,,,,,,,,SRD 5.1,,0.5,0.5,,
g7FSu2oU4YHPgWNA,Darkmantle,monstrosity,,Small,Unaligned,Underdark,0.5,100,16,12,13,2,10,5,11,natural,22,5d6 + 5,0,10,30,0,0,0,false,0,60,0,0,,ste,,,,,,,,SRD 5.1,,1,1,,
PH78NBdvoaszAb61,Death Dog,monstrosity,,Medium,Neutral Evil,Desert,1,200,15,14,14,3,13,6,12,natural,39,6d8 + 12,0,40,0,0,0,0,false,120,0,0,0,,"prc, ste",,,,,,,,SRD 5.1,,1,1,,
ZM1P6LoYSwMiIJN9,Deep Gnome,humanoid,Gnome,Small,Neutral Good,Underdark,0.5,100,15,14,14,12,10,9,10,default,16,3d6 + 6,0,20,0,0,0,0,false,120,0,0,0,,"inv, prc, ste",,,,,,"gnomish, terran, undercommon",,SRD 5.1,,1,1,,
4EODJbmPlpnNGVR7,Deer,beast,,Medium,Unaligned,Grassland,0,10,11,16,11,2,14,5,13,natural,4,1d8,0,50,0,0,0,0,false,0,0,0,0,,,,,,,,,,SRD 5.1,,1,1,,
m4H3hjamBNMH09S9,Deva,celestial,,Medium,Lawful Good,,10,5900,18,18,18,17,20,20,17,natural,136,16d8 + 64,0,30,90,0,0,0,false,120,0,0,0,,"ins, prc","WIS, CHA",,"bludgeoning, piercing, radiant, slashing",,"charmed, exhaustion, frightened",,All; Telepathy 120 ft.,SRD 5.1,,1,1,,
EYiQZ3rFL25fEJY5,Dire Wolf,beast,,Large,Unaligned,Forest,1,200,17,15,15,3,12,7,14,natural,37,5d10 + 10,0,50,0,0,0,0,false,0,0,0,0,,"prc, ste",,,,,,,,SRD 5.1,,2,2,,
5P1VGAZQwOilwZQf,Djinni,elemental,,Large,Chaotic Good,Coastal,11,7200,21,15,22,15,16,20,17,natural,161,14d10 + 84,0,30,90,0,0,0,false,120,0,0,0,,,"DEX, WIS, CHA",,,"lightning, thunder",,auran,,SRD 5.1,,2,2,,
mWbrPhcKOz6oLXMV,Doppelganger,monstrosity,Shapechanger,Medium,Neutral,Underdark,3,700,11,18,14,11,12,14,14,natural,52,8d8 + 16,0,30,0,0,0,0,false,60,0,0,0,,"dec, ins",,,,,charmed,common,,SRD 5.1,,1,1,,
Bupo3E9X5Ptx6XeT,Draft Horse,beast,,Large,Unaligned,Urban,0.25,50,18,10,12,2,11,7,10,natural,19,3d10 + 3,0,40,0,0,0,0,false,0,0,0,0,,,,,,,,,,SRD 5.1,,2,2,,
ijsfYEDqSuwQXwNN,Dragon Turtle,dragon,,Gargantuan,Neutral,Underwater,17,18000,25,10,20,10,12,12,20,natural,341,22d20 + 110,0,20,0,40,0,0,false,120,0,0,0,,,"DEX, CON, WIS",,fire,,,"aquan, draconic",,SRD 5.1,,4,4,,
kz2fW9xb5CcvXLX4,Dretch,fiend,Demon,Small,Chaotic Evil,,0.25,50,11,11,12,5,8,3,11,natural,18,4d6 + 4,0,20,0,0,0,0,false,60,0,0,0,,,,,"cold, fire, lightning",poison,poisoned,abyssal,Telepathy 60 ft. (works only with creatures that understand Abyssal),SRD 5.1,,1,1,,
1OQbxoZI5BtlB2ME,Drider,monstrosity,,Large,Chaotic Evil,Underdark,6,2300,16,16,18,13,14,12,19,natural,123,13d10 + 52,0,30,0,0,30,0,false,120,0,0,0,,"prc, ste",,,,,,"elvish, undercommon",,SRD 5.1,,2,2,,
1vaBSMUfOy6JPJ14,Drow,humanoid,Elf,Medium,Neutral Evil,Underdark,0.25,50,10,14,10,11,11,12,10,default,13,3d8,0,30,0,0,0,0,false,120,0,0,0,,"prc, ste",,,,,,"elvish, undercommon",,SRD 5.1,,1,1,,
K15Yl8JmB5iPircc,Druid,humanoid,Any Race,Medium,any,,2,450,10,12,13,12,15,11,11,natural,27,5d8 + 5,0,30,0,0,0,0,false,0,0,0,0,,"med, nat, prc",,,,,,"druidic, custom",any two languages,SRD 5.1,,1,1,,
KOHVWl5RU9XBR8Jb,Dryad,fey,,Medium,Neutral,Forest,1,200,10,12,11,14,15,18,16,natural,22,5d8,0,30,0,0,0,0,false,60,0,0,0,,"prc, ste",,,,,,"elvish, sylvan",,SRD 5.1,,1,1,,
iGBdQA3IuKsurcUy,Duergar,humanoid,Dwarf,Medium,Lawful Evil,Underdark,1,200,14,11,14,11,10,9,10,default,26,4d8 + 4,0,25,0,0,0,0,false,120,0,0,0,,,,,poison,,,"dwarvish, undercommon",,SRD 5.1,,1,1,,
BUCfQ7ihaXX75Vai,Dust Mephit,elemental,,Small,Neutral Evil,Desert,0.5,100,5,14,10,9,11,10,12,natural,17,5d6,0,30,30,0,0,0,false,60,0,0,0,,"prc, ste",,fire,,poison,poisoned,"auran, terran",,SRD 5.1,,1,1,,
EI8w6XjzCZICkox9,Eagle,beast,,Small,Unaligned,Mountain,0,10,6,15,10,2,14,7,12,natural,3,1d6,0,10,60,0,0,0,false,0,0,0,0,,prc,,,,,,,,SRD 5.1,,1,1,,
sApYLZj9PTZ40wJr,Earth Elemental,elemental,,Large,Neutral,Underdark,5,1800,20,8,20,5,10,5,17,natural,126,12d10 + 60,0,30,0,0,0,30,false,60,0,60,0,,,,thunder,"bludgeoning, piercing, slashing",poison,"paralyzed, petrified, poisoned, unconscious, exhaustion",terran,,SRD 5.1,,2,2,,
LTomFUTBrkRi0Pj5,Efreeti,elemental,,Large,Lawful Evil,Desert,11,7200,22,12,24,16,15,16,17,natural,200,16d10 + 112,0,40,60,0,0,0,false,120,0,0,0,,,"INT, WIS, CHA",,,fire,,ignan,,SRD 5.1,,2,2,,
jLPhaBnMtAbB5dp1,Elephant,beast,,Huge,Unaligned,Grassland,4,1100,22,9,17,3,11,6,12,natural,76,8d12 + 24,0,40,0,0,0,0,false,0,0,0,0,,,,,,,,,,SRD 5.1,,3,3,,
55PkbskG5iBZGrgR,Elk,beast,,Large,Unaligned,Grassland,0.25,50,16,10,12,2,10,6,10,natural,13,2d10 + 2,0,50,0,0,0,0,false,0,0,0,0,,,,,,,,,,SRD 5.1,,2,2,,
3o2rQBqpzjIHmrBW,Erinyes,fiend,Devil,Medium,Lawful Evil,,12,8400,18,16,18,14,14,18,10,default,153,18d8 + 72,0,30,60,0,0,0,false,0,0,0,120,,,"DEX, CON, WIS, CHA",,"bludgeoning, cold, piercing, slashing","fire, poison",poisoned,infernal,Telepathy 120 ft.,SRD 5.1,,1,1,,
aKt7vFAS1J0x3FQm,Ettercap,monstrosity,,Medium,Neutral Evil,Forest,2,450,14,15,13,7,12,8,13,natural,44,8d8 + 8,0,30,0,0,30,0,false,60,0,0,0,,"prc, ste, sur",,,,,,,,SRD 5.1,,1,1,,
KLCkHep28HBfdsky,Ettin,giant,,Large,Chaotic Evil,Underdark,4,1100,21,8,17,6,10,8,12,natural,85,10d10 + 30,0,40,0,0,0,0,false,60,0,0,0,,prc,,,,,,"giant, orc",,SRD 5.1,,2,2,,
8SMQl75HLjhuSeau,Fire Elemental,elemental,,Large,Neutral,Desert,5,1800,10,17,16,6,10,7,13,natural,102,12d10 + 36,0,50,0,0,0,0,false,60,0,0,0,,,,,"bludgeoning, piercing, slashing","fire, poison","grappled, paralyzed, petrified, poisoned, prone, restrained, unconscious, exhaustion",ignan,,SRD 5.1,,2,2,,
45Z5kogZEhawX1Ey,Fire Giant,giant,,Huge,Lawful Evil,Underdark,9,5000,25,9,23,10,14,13,10,default,162,13d12 + 78,0,30,0,0,0,0,false,0,0,0,0,,"ath, prc","DEX, CON, CHA",,,fire,,giant,,SRD 5.1,,3,3,,
Hm4o2FgPZsdbXjLq,Flesh Golem,construct,,Medium,Neutral,,5,1800,19,9,18,6,10,5,9,natural,93,11d8 + 44,0,30,0,0,0,0,false,60,0,0,0,,,,,,"bludgeoning, lightning, piercing, poison, slashing","charmed, frightened, paralyzed, petrified, poisoned, exhaustion",,understands the languages of its creator but can't speak,SRD 5.1,,1,1,,
SMfgOsfPgf6rb01k,Flying Snake,beast,,Tiny,Unaligned,Grassland,0.125,25,4,18,11,2,12,5,14,natural,5,2d4,0,30,60,30,0,0,false,0,10,0,0,,,,,,,,,,SRD 5.1,,0.5,0.5,,
EqJUA3Z3181RSSFU,Flying Sword,construct,,Small,Unaligned,,0.25,50,12,15,11,1,5,1,17,natural,17,5d6,0,0,50,0,0,0,true,0,60,0,0,Blind beyond this radius,,DEX,,,"poison, psychic","blinded, charmed, deafened, frightened, paralyzed, petrified, poisoned",,,SRD 5.1,,1,1,,
EZgiprHXA2D7Uyb3,Frog,beast,,Tiny,Unaligned,,0,10,1,13,8,1,8,3,11,natural,1,1d4 - 1,0,20,0,20,0,0,false,30,0,0,0,,"prc, ste",,,,,,,,SRD 5.1,,0.5,0.5,,
Buxe6dDK5Mw7kxe6,Frost Giant,giant,,Huge,Neutral Evil,Mountain,8,3900,23,9,21,9,10,12,10,default,138,12d12 + 60,0,40,0,0,0,0,false,0,0,0,0,,"ath, prc","CON, WIS, CHA",,,cold,,giant,,SRD 5.1,,3,3,,
0m8QyDN52qw9zzOM,Gargoyle,elemental,,Medium,Chaotic Evil,Underdark,2,450,15,11,16,6,11,7,15,natural,52,7d8 + 21,0,30,60,0,0,0,false,60,0,0,0,,,,,"bludgeoning, piercing, slashing",poison,"exhaustion, petrified, poisoned",terran,,SRD 5.1,,1,1,,
3fzQVYQhXxCXRa2o,Gelatinous Cube,ooze,,Large,Unaligned,Underdark,2,450,14,3,20,1,6,1,6,natural,84,8d10 + 40,0,15,0,0,0,0,false,0,60,0,0,Blind beyond this radius,,,,,,"blinded, charmed, deafened, frightened, prone, exhaustion",,,SRD 5.1,,2,2,,
IyIybE5t2adMEVUM,Ghast,undead,,Medium,Chaotic Evil,Underdark,2,450,16,17,10,11,10,8,13,natural,36,8d8,0,30,0,0,0,0,false,60,0,0,0,,,,,necrotic,poison,"charmed, poisoned, exhaustion",common,,SRD 5.1,,1,1,,
qoFEjfrANBdrCP6m,Ghost,undead,,Medium,Any Alignment,,4,1100,7,13,10,10,12,17,11,natural,45,10d8,0,0,40,0,0,0,true,60,0,0,0,,,,,"acid, bludgeoning, fire, lightning, piercing, slashing, thunder","cold, necrotic, poison","charmed, exhaustion, frightened, grappled, paralyzed, petrified, poisoned, prone, restrained",,any languages it knew in life,SRD 5.1,,1,1,,
OBujQLLPSmlJiZnL,Ghoul,undead,,Medium,Chaotic Evil,Underdark,1,200,13,15,10,7,10,6,12,natural,22,5d8,0,30,0,0,0,0,false,60,0,0,0,,,,,,poison,"charmed, poisoned, exhaustion",common,,SRD 5.1,,1,1,,
8MuL8xisavJW9bnw,Giant Ape,beast,,Huge,Unaligned,Forest,7,2900,23,14,18,7,12,7,12,natural,157,15d12 + 60,0,40,0,0,40,0,false,0,0,0,0,,"ath, prc",,,,,,,,SRD 5.1,,3,3,,
cJGY1ZywUOo6heNR,Giant Badger,beast,,Medium,Unaligned,Forest,0.25,50,13,10,15,2,12,5,10,natural,13,2d8 + 4,0,30,0,0,0,10,false,30,0,0,0,,,,,,,,,,SRD 5.1,,1,1,,
SoK7l5zJQKxTVgLL,Giant Bat,beast,,Large,Unaligned,Underdark,0.25,50,15,16,11,2,12,6,13,natural,22,4d10,0,10,60,0,0,0,false,0,60,0,0,,,,,,,,,,SRD 5.1,,2,2,,
SsuCaF2fIEoDdFA3,Giant Boar,beast,,Large,Unaligned,Grassland,2,450,17,10,16,2,7,5,12,natural,42,5d10 + 15,0,40,0,0,0,0,false,0,0,0,0,,,,,,,,,,SRD 5.1,,2,2,,
Hn8FFLEzscgT7azz,Giant Centipede,beast,,Small,Unaligned,Underdark,0.25,50,5,14,12,1,7,3,13,natural,4,1d6 + 1,0,30,0,0,30,0,false,0,30,0,0,,,,,,,,,,SRD 5.1,,1,1,,
NpvwE1feOHyEqAbP,Giant Constrictor Snake,beast,,Huge,Unaligned,Underwater,2,450,19,14,12,1,10,3,12,natural,60,8d12 + 8,0,30,0,30,0,0,false,0,10,0,0,,prc,,,,,,,,SRD 5.1,,3,3,,
AOJvmk1IchxNxQzP,Giant Crab,beast,,Medium,Unaligned,Coastal,0.125,25,13,15,11,1,9,3,15,natural,13,3d8,0,30,0,30,0,0,false,0,30,0,0,,ste,,,,,,,,SRD 5.1,,1,1,,
3YwmvDupMwycWNCO,Giant Crocodile,beast,,Huge,Unaligned,Swamp,5,1800,21,9,17,2,10,7,14,natural,85,9d12 + 27,0,30,0,50,0,0,false,0,0,0,0,,ste,,,,,,,,SRD 5.1,,3,3,,
9bHoR8k5D2DKHaF3,Giant Eagle,beast,,Large,Neutral Good,Mountain,1,200,16,17,13,8,14,10,13,natural,26,4d10 + 4,0,10,80,0,0,0,false,0,0,0,0,,prc,,,,,,,Giant Eagle; Common and Auran (understands but cannot speak),SRD 5.1,,2,2,,
hQt3qIahnB1Odb40,Giant Elk,beast,,Huge,Unaligned,Mountain,2,450,19,16,14,7,14,10,14,natural,42,5d12 + 10,0,60,0,0,0,0,false,0,0,0,0,,prc,,,,,,,"Giant Elk; Understands Common, Elvish, and Sylvan but can't speak them",SRD 5.1,,3,3,,
Z0GiAv3bJxTjUfjM,Giant Fire Beetle,beast,,Small,Unaligned,Underdark,0,10,8,10,12,1,7,3,13,natural,4,1d6 + 1,0,30,0,0,0,0,false,0,30,0,0,,,,,,,,,,SRD 5.1,,1,1,,
rLl22hYeAH3ljhdI,Giant Fly,beast,,Large,Unaligned,,0,10,14,13,13,2,10,3,11,natural,19,3d10 + 3,0,30,60,0,0,0,false,60,0,0,0,,,,,,,,,,SRD 5.1,,2,2,,
kSAi2KRonL4G4JpO,Giant Frog,beast,,Medium,Unaligned,Forest,0.25,50,12,13,11,2,10,3,11,natural,18,4d8,0,30,0,30,0,0,false,30,0,0,0,,"prc, ste",,,,,,,,SRD 5.1,,1,1,,
rjqk7ToMD8sGr3n4,Giant Goat,beast,,Large,Unaligned,Mountain,0.5,100,17,11,12,3,12,6,11,natural,19,3d10 + 3,0,40,0,0,0,0,false,0,0,0,0,,,,,,,,,,SRD 5.1,,2,2,,
aAqfEHPiVbhMwZ6j,Giant Hyena,beast,,Large,Unaligned,Grassland,1,200,16,14,14,2,12,7,12,natural,45,6d10 + 12,0,50,0,0,0,0,false,0,0,0,0,,prc,,,,,,,,SRD 5.1,,2,2,,
pLzSh4dA517Tn73E,Giant Lizard,beast,,Large,Unaligned,Underdark,0.25,50,15,12,13,2,10,5,12,natural,19,3d10 + 3,0,30,0,0,30,0,false,30,0,0,0,,,,,,,,,,SRD 5.1,,2,2,,
p9Xnr820UAZBOIVN,Giant Octopus,beast,,Large,Unaligned,Underwater,1,200,17,13,13,4,10,4,11,natural,52,8d10 + 8,0,10,0,60,0,0,false,60,0,0,0,,"prc, ste",,,,,,,,SRD 5.1,,2,2,,
VVXly3ue0i3YgGrB,Giant Owl,beast,,Large,Neutral,Forest,0.25,50,13,15,12,8,13,10,12,natural,19,3d10 + 3,0,5,60,0,0,0,false,120,0,0,0,,"prc, ste",,,,,,,"Giant Owl; Understands Common, Elvish, and Sylvan but can't speak them",SRD 5.1,,2,2,,
ZW39DE2zI3TXVYC9,Giant Poisonous Snake,beast,,Medium,Unaligned,Underdark,0.25,50,10,18,13,2,10,3,14,natural,11,2d8 + 2,0,30,0,30,0,0,false,0,10,0,0,,prc,,,,,,,,SRD 5.1,,1,1,,
q1YJIeIt6rK8fCKn,Giant Rat,beast,,Small,Unaligned,Underdark,0.125,25,7,15,11,2,10,4,12,natural,7,2d6,0,30,0,0,0,0,false,60,0,0,0,,,,,,,,,,SRD 5.1,,1,1,,
z0zvgcIugizwcuxJ,Giant Rat (Diseased),beast,,Small,Unaligned,Underdark,0.125,25,7,15,11,2,10,4,12,natural,7,2d6,0,30,0,0,0,0,false,60,0,0,0,,,,,,,,,,SRD 5.1,,1,1,,
GxgIVRX5GbVTifiF,Giant Scorpion,beast,,Large,Unaligned,Desert,3,700,15,13,15,1,9,3,15,natural,52,7d10 + 14,0,40,0,0,0,0,false,0,60,0,0,,,,,,,,,,SRD 5.1,,2,2,,
c9XDGsTJRy9HUaxQ,Giant Sea Horse,beast,,Large,Unaligned,Underwater,0.5,100,12,15,11,2,12,5,13,natural,16,3d10,0,0,0,40,0,0,false,0,0,0,0,,,,,,,,,,SRD 5.1,,2,2,,
MWlwLlKXh8jUUxOL,Giant Shark,beast,,Huge,Unaligned,Underwater,5,1800,23,11,21,1,10,5,13,natural,126,11d12 + 55,0,0,0,50,0,0,false,0,60,0,0,,prc,,,,,,,,SRD 5.1,,3,3,,
v99wOosUJjUgcUNF,Giant Spider,beast,,Large,Unaligned,Underdark,1,200,14,16,12,2,11,4,14,natural,26,4d10 + 4,0,30,0,0,30,0,false,60,10,0,0,,ste,,,,,,,,SRD 5.1,,2,2,,
Ixo5shumxy4I9qyD,Giant Toad,beast,,Large,Unaligned,Underdark,1,200,15,13,13,2,10,3,11,natural,39,6d10 + 6,0,20,0,40,0,0,false,30,0,0,0,,,,,,,,,,SRD 5.1,,2,2,,
4ZlUHt4xmB7GdPfk,Giant Vulture,beast,,Large,Neutral Evil,Grassland,1,200,15,10,15,6,12,7,10,natural,22,3d10 + 6,0,10,60,0,0,0,false,0,0,0,0,,prc,,,,,,,Understands Common but can't speak,SRD 5.1,,2,2,,
4tl0s2SnaLjkoDiI,Giant Wasp,beast,,Medium,Unaligned,Grassland,0.5,100,10,14,10,1,10,3,12,natural,13,3d8,0,10,50,0,0,0,false,0,0,0,0,,,,,,,,,,SRD 5.1,,1,1,,
8VXxqeBvN54rPh81,Giant Weasel,beast,,Medium,Unaligned,Grassland,0.125,25,11,16,10,4,12,5,13,natural,9,2d8,0,40,0,0,0,0,false,60,0,0,0,,"prc, ste",,,,,,,,SRD 5.1,,1,1,,
f9JbhBfWucrY2eDA,Giant Wolf Spider,beast,,Medium,Unaligned,Grassland,0.25,50,12,16,13,3,12,4,13,natural,11,2d8 + 2,0,40,0,0,40,0,false,60,10,0,0,,"prc, ste",,,,,,,,SRD 5.1,,1,1,,
8pX2JhWUpTNNRBVx,Gibbering Mouther,aberration,,Medium,Neutral,Underdark,2,450,10,8,16,3,10,6,9,natural,67,9d8 + 27,0,10,0,10,0,0,false,60,0,0,0,,,,,,,prone,,,SRD 5.1,,1,1,,
OGPHF4sCVOAi87TU,Glabrezu,fiend,Demon,Large,Chaotic Evil,,9,5000,20,15,21,19,17,16,17,natural,157,15d10 + 75,0,40,0,0,0,0,false,0,0,0,120,,,"STR, CON, WIS, CHA",,"bludgeoning, cold, fire, lightning, piercing, slashing",poison,poisoned,abyssal,Telepathy 120 ft.,SRD 5.1,,2,2,,
fsPruAIDOg4tVrgb,Gladiator,humanoid,,Medium,Any Alignment,,5,1800,18,15,16,10,12,15,10,default,112,15d8 + 45,0,30,0,0,0,0,false,0,0,0,0,,"ath, itm","STR, DEX, CON",,,,,,any one language (usually Common),SRD 5.1,,1,1,,
R2GPY9BhRmmwZwkh,Gnoll,humanoid,Gnoll,Medium,Chaotic Evil,Grassland,0.5,100,14,12,11,6,10,7,10,default,22,5d8,0,30,0,0,0,0,false,60,0,0,0,,,,,,,,gnoll,,SRD 5.1,,1,1,,
y8sRU8Ks2lcrGsaf,Goat,beast,,Medium,Unaligned,Mountain,0,10,12,10,11,2,10,5,10,natural,4,1d8,0,40,0,0,0,0,false,0,0,0,0,,,,,,,,,,SRD 5.1,,1,1,,
TjWQOgI3A4UAl7lC,Goblin,humanoid,Goblinoid,Small,Neutral Evil,Underdark,0.25,50,8,14,10,10,8,8,10,default,7,2d6,0,30,0,0,0,0,false,60,0,0,0,,ste,,,,,,"common, goblin",,SRD 5.1,,1,1,,
naSoHU9KbkgeNIwB,Gold Dragon Wyrmling,dragon,,Medium,Lawful Good,,3,700,19,14,17,14,11,16,17,natural,60,8d8 + 24,0,30,60,30,0,0,false,60,10,0,0,,"prc, ste","DEX, CON, WIS, CHA",,,fire,,draconic,,SRD 5.1,,1,1,,
nZthq6WHLhcdu3te,Gorgon,monstrosity,,Large,Unaligned,Grassland,5,1800,20,11,18,2,12,7,19,natural,114,12d10 + 48,0,40,0,0,0,0,false,60,0,0,0,,prc,,,,,petrified,,,SRD 5.1,,2,2,,
fqbFYtbtkrL53FOC,Gray Ooze,ooze,,Medium,Unaligned,Underdark,0.5,100,12,6,16,1,6,2,8,natural,22,3d8 + 9,0,10,0,0,10,0,false,0,60,0,0,Blind beyond this radius,ste,,,"acid, cold, fire",,"blinded, charmed, deafened, frightened, prone, exhaustion",,,SRD 5.1,,1,1,,
KH6ZrUiUOKQCOlRH,Green Dragon Wyrmling,dragon,,Medium,Lawful Evil,,2,450,15,12,13,14,11,13,17,natural,38,7d8 + 7,0,30,60,30,0,0,false,60,10,0,0,,"prc, ste","DEX, CON, WIS, CHA",,,poison,poisoned,draconic,,SRD 5.1,,1,1,,
saq6WM959pKHuaqP,Green Hag,fey,,Medium,Neutral Evil,Forest,3,700,18,12,16,13,14,14,17,natural,82,11d8 + 33,0,30,0,0,0,0,false,60,0,0,0,,"arc, dec, prc, ste",,,,,,"common, draconic, sylvan",,SRD 5.1,,1,1,,
tFJX45zj3QDc3Zli,Grick,monstrosity,,Medium,Neutral,Underdark,2,450,14,14,11,3,14,5,14,natural,27,6d8,0,30,0,0,30,0,false,60,0,0,0,,,,,"bludgeoning, piercing, slashing",,,,,SRD 5.1,,1,1,,
h052EIIUmRwJum65,Griffon,monstrosity,,Large,Unaligned,Mountain,2,450,18,15,16,2,13,8,12,natural,59,7d10 + 21,0,30,80,0,0,0,false,60,0,0,0,,prc,,,,,,,,SRD 5.1,,2,2,,
GpeQYtlo8oGvGlkM,Grimlock,humanoid,Grimlock,Medium,Neutral Evil,Underdark,0.25,50,16,12,12,9,8,6,11,natural,11,2d8 + 2,0,30,0,0,0,0,false,0,30,0,0,10 ft. while deafened (blind beyond this radius),"ath, prc, ste",,,,,blinded,undercommon,,SRD 5.1,,1,1,,
8ExSFCar5Lbhdo7u,Guardian Naga,monstrosity,,Large,Lawful Good,Forest,10,5900,19,18,16,16,19,18,18,natural,127,15d10 + 45,0,40,0,0,0,0,false,60,0,0,0,,,"DEX, CON, INT, WIS, CHA",,,poison,"charmed, poisoned","celestial, common",,SRD 5.1,,2,2,,
E9CvDPDg5dFEpVjS,Guard,humanoid,,Medium,Any Alignment,,0.125,25,13,12,12,10,11,10,10,default,11,2d8 + 2,0,30,0,0,0,0,false,0,0,0,0,,prc,,,,,,,any one language (usually Common),SRD 5.1,,1,1,,
6wbasdWWqtXeIAyD,Gynosphinx,monstrosity,,Large,Lawful Neutral,Desert,11,7200,18,15,16,18,18,18,17,natural,136,16d10 + 48,0,40,60,0,0,0,false,0,0,0,120,,"arc, his, prc, rel",,,"bludgeoning, piercing, slashing",psychic,"charmed, frightened",common,Sphinx,SRD 5.1,,2,2,,
5TmstVMURpVtmNR3,Half-Red Dragon Veteran,humanoid,Human,Medium,Any Alignment,,5,1800,16,13,14,10,11,10,10,default,65,10d8 + 20,0,30,0,0,0,0,false,60,10,0,0,,"ath, prc",,,fire,,,"common, draconic",,SRD 5.1,,1,1,,
CqQ6pXQA5WXZNOm3,Harpy,monstrosity,,Medium,Chaotic Evil,Mountain,1,200,12,13,12,7,10,13,11,natural,38,7d8 + 7,0,20,40,0,0,0,false,0,0,0,0,,,,,,,,common,,SRD 5.1,,1,1,,
fnkPNfIpS62LqOu4,Hawk,beast,,Tiny,Unaligned,,0,10,5,16,8,2,14,6,13,natural,1,1d4 - 1,0,10,60,0,0,0,false,0,0,0,0,,prc,,,,,,,,SRD 5.1,,0.5,0.5,,
iSCL4Q82ivnYelzc,Hell Hound,fiend,,Medium,Lawful Evil,Underdark,3,700,17,12,14,6,13,6,15,natural,45,7d8 + 14,0,50,0,0,0,0,false,60,0,0,0,,prc,,,,fire,,,understands Infernal but can't speak it,SRD 5.1,,1,1,,
ec3lhsNv1ZRu7Qaq,Hezrou,fiend,Demon,Large,Chaotic Evil,,8,3900,19,17,20,5,12,13,16,natural,136,13d10 + 65,0,30,0,0,0,0,false,120,0,0,0,,,"STR, CON, WIS",,"bludgeoning, cold, fire, lightning, piercing, slashing",poison,poisoned,"abyssal, custom",telepathy 120 ft.,SRD 5.1,,2,2,,
9g4N9sjyh8Ql46to,Hill Giant,giant,,Huge,Chaotic Evil,Hill,5,1800,21,8,19,5,9,6,13,natural,105,10d12 + 40,0,40,0,0,0,0,false,0,0,0,0,,prc,,,,,,giant,,SRD 5.1,,3,3,,
T2PExQE84ZcIbAXz,Hippogriff,monstrosity,,Large,Unaligned,Mountain,1,200,17,13,13,2,12,8,11,natural,19,3d10 + 3,0,40,60,0,0,0,false,0,0,0,0,,prc,,,,,,,,SRD 5.1,,2,2,,
6qnT52lZtZblgGw8,Hobgoblin,humanoid,Goblinoid,Medium,Lawful Evil,Underdark,0.5,100,13,12,12,10,10,9,10,default,11,2d8 + 2,0,30,0,0,0,0,false,60,0,0,0,,,,,,,,"common, goblin",,SRD 5.1,,1,1,,
ZQTCZfTV9ZoTjNCU,Homunculus,construct,,Tiny,Neutral,,0,10,4,15,11,10,10,7,13,natural,5,2d4,0,20,40,0,0,0,false,60,0,0,0,,,,,,poison,"charmed, poisoned",,Understands the languages of its creator but cannot speak,SRD 5.1,,0.5,0.5,,
MADGs8pWMVyyFOf1,Horned Devil,fiend,Devil,Large,Lawful Evil,,11,7200,22,17,21,12,16,17,18,natural,178,17d10 + 85,0,20,60,0,0,0,false,120,0,0,0,,,"STR, DEX, WIS, CHA",,"bludgeoning, cold, piercing, slashing","fire, poison",poisoned,infernal,Telepathy 120 ft.,SRD 5.1,,2,2,,
siBUEAj4UVdaiH6p,Hunter Shark,beast,,Large,Unaligned,Underwater,2,450,18,13,15,1,10,4,12,natural,45,6d10 + 12,0,0,0,40,0,0,false,0,30,0,0,,prc,,,,,,,,SRD 5.1,,2,2,,
K4vsSlHqbBAHUDHY,Hydra,monstrosity,,Huge,Unaligned,Swamp,8,3900,20,12,20,2,10,7,15,natural,172,15d12 + 75,0,30,0,30,0,0,false,60,0,0,0,,prc,,,,,,,,SRD 5.1,,3,3,,
cDr1JtzEV26bP5Ym,Hyena,beast,,Medium,Unaligned,Grassland,0,10,11,13,12,2,12,5,11,natural,5,1d8 + 1,0,50,0,0,0,0,false,0,0,0,0,,prc,,,,,,,,SRD 5.1,,1,1,,
1zzRQps9jZdLZGqI,Ice Devil,fiend,Devil,Large,Lawful Evil,,14,11500,21,14,18,18,15,18,18,natural,180,19d10 + 76,0,40,0,0,0,0,false,120,60,0,0,,,"DEX, CON, WIS, CHA",,"bludgeoning, piercing, slashing","cold, fire, poison",poisoned,infernal,Telepathy 120 ft.,SRD 5.1,,2,2,,
ESEm3fGUfSKjzVUc,Ice Mephit,elemental,,Small,Neutral Evil,Arctic,0.5,100,7,13,10,9,11,12,11,natural,21,6d6,0,30,30,0,0,0,false,60,0,0,0,,"prc, ste",,"bludgeoning, fire",,"cold, poison",poisoned,"aquan, auran",,SRD 5.1,,1,1,,
dLQiESMsfsXijD5c,Imp,fiend,"Devil, Shapechanger",Tiny,Lawful Evil,,1,200,6,17,13,11,12,14,13,natural,10,3d4 + 3,0,20,40,0,0,0,false,120,0,0,0,,"dec, ins, per, ste",,,"bludgeoning, cold, piercing, slashing","fire, poison",poisoned,"infernal, common",,SRD 5.1,,0.5,0.5,,
oDspGxRQFBhE74L2,Invisible Stalker,elemental,,Medium,Neutral,Urban,6,2300,16,19,14,10,15,11,14,natural,104,16d8 + 32,0,50,50,0,0,0,true,60,0,0,0,,"prc, ste",,,"bludgeoning, piercing, slashing",poison,"grappled, paralyzed, petrified, poisoned, prone, restrained, unconscious, exhaustion",auran,understands Common but doesn't speak it,SRD 5.1,,1,1,,
h98AuPfomEPcCibP,Iron Golem,construct,,Large,Unaligned,,16,15000,24,9,20,3,11,1,20,natural,210,20d10 + 100,0,30,0,0,0,0,false,120,0,0,0,,,,,,"bludgeoning, fire, piercing, poison, psychic, slashing","charmed, exhaustion, frightened, paralyzed, petrified, poisoned",,understands the languages of its creator but can't speak,SRD 5.1,,2,2,,
MZYCPIVoBs918qGZ,Jackal,beast,,Small,Unaligned,Grassland,0,10,8,15,11,3,12,6,12,natural,3,1d6,0,40,0,0,0,0,false,0,0,0,0,,prc,,,,,,,,SRD 5.1,,1,1,,
ciLSItjCpwT7nMmk,Killer Whale,beast,,Huge,Unaligned,Underwater,3,700,19,10,13,3,12,7,12,natural,90,12d12 + 12,0,0,0,60,0,0,false,0,120,0,0,,prc,,,,,,,,SRD 5.1,,3,3,,
D5UqYD1EnTrJaMTO,Knight,humanoid,Any Race,Medium,Any Alignment,,3,700,16,11,14,11,11,15,10,default,52,8d8 + 16,0,30,0,0,0,0,false,0,0,0,0,,,"CON, WIS",,,,,,any one language (usually Common),SRD 5.1,,1,1,,
5ngbctIMeEnuC1p1,Kobold,humanoid,Kobold,Small,Lawful Evil,Forest,0.125,25,7,15,9,8,7,8,12,natural,5,2d6 - 2,0,30,0,0,0,0,false,60,0,0,0,,,,,,,,"common, draconic",,SRD 5.1,,1,1,,
kVg37NlPcACAzjCT,Kraken,monstrosity,Titan,Gargantuan,Chaotic Evil,Underwater,23,50000,30,11,25,22,18,20,18,natural,472,27d20 + 189,0,20,0,60,0,0,false,0,0,0,120,,,"STR, DEX, CON, INT, WIS",,,"bludgeoning, lightning, piercing, slashing","frightened, paralyzed",,"understands Abyssal, Celestial, Infernal, and Primordial but can't speak;telepathy 120 ft.",SRD 5.1,,4,4,,
MnoL59nOOfYatAkQ,Lamia,monstrosity,,Large,Chaotic Evil,Desert,4,1100,16,13,15,14,15,16,13,natural,97,13d10 + 26,0,30,0,0,0,0,false,60,0,0,0,,"dec, ins, ste",,,,,,"abyssal, common",,SRD 5.1,,2,2,,
tubcO7kaQ4w0soxS,Lemure,fiend,Devil,Medium,Lawful Evil,,0,10,10,5,11,1,11,3,7,natural,13,3d8,0,15,0,0,0,0,false,120,0,0,0,,,,,cold,"fire, poison","charmed, frightened, poisoned","infernal, custom",Cannot Speak,SRD 5.1,,1,1,,
bfh29vIEoGzI240e,Lich,undead,,Medium,Any Evil,,21,33000,11,16,16,20,14,16,17,natural,135,18d8 + 54,0,30,0,0,0,0,false,0,0,0,120,,"arc, his, ins, prc","CON, INT, WIS",,"cold, lightning, necrotic","bludgeoning, piercing, poison, slashing","charmed, exhaustion, frightened, paralyzed, poisoned","common, custom",5 other languages,SRD 5.1,,1,1,,
hjhERRzafCiFFVLA,Lion,beast,,Large,Unaligned,Mountain,1,200,17,15,13,3,12,8,12,natural,26,4d10 + 4,0,50,0,0,0,0,false,0,0,0,0,,"prc, ste",,,,,,,,SRD 5.1,,2,2,,
57DofLgRQx16ARoc,Lizardfolk,humanoid,Lizardfolk,Medium,Neutral,Forest,0.5,100,15,10,13,7,12,7,13,natural,22,4d8 + 4,0,30,0,30,0,0,false,0,0,0,0,,"prc, ste, sur",,,,,,draconic,,SRD 5.1,,1,1,,
I2x01hzOjVN4NUjf,Lizard,beast,,Tiny,Unaligned,,0,10,2,11,10,1,8,3,10,natural,2,1d4,0,20,0,0,20,0,false,30,0,0,0,,,,,,,,,,SRD 5.1,,0.5,0.5,,
zwT2WjWo7cTm2631,Mage Hand,,,Medium,,,0,10,0,0,0,0,0,0,10,flat,0,,0,0,30,0,0,0,true,0,0,0,0,,,,,,,,,,SRD 5.1,,1,1,,
mQnsXanewsPiV7QE,Mage,humanoid,Any Race,Medium,Any Alignment,,6,2300,9,14,11,17,12,11,12,natural,40,9d8,0,30,0,0,0,0,false,0,0,0,0,,"arc, his","INT, WIS",,,,,,any four languages,SRD 5.1,,1,1,,
oJCOB9X2BPsBkWW5,Magma Mephit,elemental,,Small,Neutral Evil,Underdark,0.5,100,8,12,12,7,10,10,11,natural,22,5d6 + 5,0,30,30,0,0,0,false,60,0,0,0,,ste,,cold,,"fire, poison",poisoned,"ignan, terran",,SRD 5.1,,1,1,,
8MD1vRBTcgSXXk3u,Magmin,elemental,,Small,Chaotic Neutral,,0.5,100,7,15,12,8,11,10,14,natural,9,2d6 + 2,0,30,0,0,0,0,false,60,0,0,0,,,,,"bludgeoning, piercing, slashing",fire,,ignan,,SRD 5.1,,1,1,,
MiYRAIHwm9It1in8,Mammoth,beast,,Huge,Unaligned,Arctic,6,2300,24,9,21,3,11,6,13,natural,126,11d12 + 55,0,40,0,0,0,0,false,0,0,0,0,,,,,,,,,,SRD 5.1,,3,3,,
MAoCGF5VkQwhmgvI,Manticore,monstrosity,,Large,Lawful Evil,Mountain,3,700,17,16,17,7,12,8,14,natural,68,8d10 + 24,0,30,50,0,0,0,false,60,0,0,0,,,,,,,,common,,SRD 5.1,,2,2,,
egsSDYbqoLCelb0J,Marilith,fiend,Demon,Large,Chaotic Evil,,16,15000,18,20,20,18,16,20,18,natural,189,18d10 + 90,0,40,0,0,0,0,false,0,0,0,120,,,"STR, CON, WIS, CHA",,"bludgeoning, cold, fire, lightning, piercing, slashing",poison,poisoned,abyssal,Telepathy 120 ft.,SRD 5.1,,2,2,,
YTpL2c3NO4sOn2UA,Mastiff,beast,,Medium,Unaligned,Forest,0.125,25,13,14,12,3,12,7,12,natural,5,1d8 + 1,0,40,0,0,0,0,false,0,0,0,0,,prc,,,,,,,,SRD 5.1,,1,1,,
eiifqZwYGi71r2Yl,Medusa,monstrosity,,Medium,Lawful Evil,Desert,6,2300,10,15,16,12,13,15,15,natural,127,17d8 + 51,0,30,0,0,0,0,false,60,0,0,0,,"dec, ins, prc, ste",,,,,,common,,SRD 5.1,,1,1,,
KUpbXdn1XmHEeOPk,Merfolk,humanoid,Merfolk,Medium,Neutral,Underwater,0.125,25,10,13,12,11,11,12,11,natural,11,2d8 + 2,0,10,0,40,0,0,false,0,0,0,0,,prc,,,,,,"aquan, common",,SRD 5.1,,1,1,,
1cwfYaACm5F0l4y3,Merrow,monstrosity,,Large,Chaotic Evil,Underwater,2,450,18,10,15,8,10,9,13,natural,45,6d10 + 12,0,10,0,40,0,0,false,60,0,0,0,,,,,,,,"abyssal, aquan",,SRD 5.1,,2,2,,
hx240PG5r5qpRet3,Mimic,monstrosity,Shapechanger,Medium,Neutral,Underdark,2,450,17,12,15,5,13,8,12,natural,58,9d8 + 18,0,15,0,0,0,0,false,60,0,0,0,,ste,,,,acid,prone,,,SRD 5.1,,1,1,,
pOPQU4UnR27zA0jf,Minotaur,monstrosity,,Large,Chaotic Evil,Underdark,3,700,18,11,16,6,16,9,14,natural,76,9d10 + 27,0,40,0,0,0,0,false,60,0,0,0,,prc,,,,,,abyssal,,SRD 5.1,,2,2,,
xple5bvGj42uGgdd,Minotaur Skeleton,undead,,Large,Lawful Evil,Underdark,2,450,18,11,15,6,8,5,12,natural,67,9d10 + 18,0,40,0,0,0,0,false,60,0,0,0,,,,bludgeoning,,poison,"poisoned, exhaustion",abyssal,understands but can't speak,SRD 5.1,,2,2,,
Vk7uHVkJ5b26gaTh,Mule,beast,,Medium,Unaligned,Hill,0.125,25,14,10,13,2,10,5,10,natural,11,2d8 + 2,0,40,0,0,0,0,false,0,0,0,0,,,,,,,,,,SRD 5.1,,1,1,,
UFW8M3JHzHkxUEGM,Mummy Lord,undead,,Medium,Lawful Evil,Desert,15,13000,18,10,17,11,18,16,17,natural,97,13d8 + 39,0,20,0,0,0,0,false,60,0,0,0,,"his, rel","CON, INT, WIS, CHA",fire,,"bludgeoning, necrotic, piercing, poison, slashing","charmed, exhaustion, frightened, paralyzed, poisoned",,the languages it knew in life,SRD 5.1,,1,1,,
t8WYD7ak07X7xpx8,Mummy,undead,,Medium,Lawful Evil,,3,700,16,8,15,6,10,12,11,natural,58,9d8 + 18,0,20,0,0,0,0,false,60,0,0,0,,,WIS,fire,"bludgeoning, piercing, slashing","necrotic, poison","charmed, exhaustion, frightened, paralyzed, poisoned",,the languages it knew in life,SRD 5.1,,1,1,,
rUg5JMnKNnZNBAq9,Nalfeshnee,fiend,Demon,Large,Chaotic Evil,,13,10000,21,10,22,19,12,15,18,natural,184,16d10 + 96,0,20,30,0,0,0,false,0,0,0,120,,,"CON, INT, WIS, CHA",,"bludgeoning, cold, fire, lightning, piercing, slashing",poison,poisoned,abyssal,Telepathy 120 ft.,SRD 5.1,,2,2,,
5SgVGhQBswgWRwsF,Nightmare,fiend,,Large,Neutral Evil,,3,700,18,15,16,10,13,15,13,natural,68,8d10 + 24,0,60,90,0,0,0,false,0,0,0,0,,,,,,fire,,,"understands Abyssal, Common, and Infernal but can't speak",SRD 5.1,,2,2,,
xvh2UOKv1bh03Gih,Night Hag,fiend,,Medium,Neutral Evil,,5,1800,18,15,16,16,14,16,17,natural,112,15d8 + 45,0,30,0,0,0,0,false,120,0,0,0,,"dec, ins, prc, ste",,,"bludgeoning, cold, fire, piercing, slashing",,charmed,"abyssal, common, infernal, primordial",,SRD 5.1,,1,1,,
GlaCGcgIP6YjBjGc,Noble,humanoid,Any Race,Medium,Any Alignment,,0.125,25,11,12,11,12,14,16,10,default,9,2d8,0,30,0,0,0,0,false,0,0,0,0,,"dec, ins, per",,,,,,,any two languages,SRD 5.1,,1,1,,
xBhG7Dos3tkg9jWz,Ochre Jelly,ooze,,Large,Unaligned,Underdark,2,450,15,6,14,2,6,1,8,natural,45,6d10 + 12,0,10,0,0,10,0,false,0,60,0,0,Blind beyond this radius,,,,acid,"lightning, slashing","blinded, charmed, deafened, frightened, prone, exhaustion",,,SRD 5.1,,2,2,,
3UUNbGiG2Yf1ZPxM,Octopus,beast,,Small,Unaligned,,0,10,4,15,11,3,10,4,12,natural,3,1d6,0,5,0,30,0,0,false,30,0,0,0,,"prc, ste",,,,,,,,SRD 5.1,,1,1,,
eIGowKTkEBC9gUzx,Ogre,giant,,Large,Chaotic Evil,Grassland,2,450,19,8,16,5,7,7,10,default,59,7d10 + 21,0,40,0,0,0,0,false,60,0,0,0,,,,,,,,"common, giant",,SRD 5.1,,2,2,,
RenLfmDT2XlbCF4x,Ogre Zombie,undead,,Large,Neutral Evil,,2,450,19,6,18,3,6,5,8,natural,85,9d10 + 36,0,30,0,0,0,0,false,60,0,0,0,,,WIS,,,poison,poisoned,,understands Common and Giant but can't speak,SRD 5.1,,2,2,,
L1w8yBkInMscfJ3F,Oni,giant,,Large,Lawful Evil,Forest,7,2900,19,11,16,14,12,15,10,default,110,13d10 + 39,0,30,30,0,0,0,false,60,0,0,0,,"arc, dec, prc","DEX, CON, WIS, CHA",,,,,"common, giant",,SRD 5.1,,2,2,,
HB49mCOVBXwWeKWQ,Orc,humanoid,Orc,Medium,Chaotic Evil,Underdark,0.5,100,16,12,16,7,11,10,10,default,15,2d8 + 6,0,30,0,0,0,0,false,60,0,0,0,,itm,,,,,,"common, orc",,SRD 5.1,,1,1,,
jcZblJ6lqtW0ePxe,Otyugh,aberration,,Large,Neutral,Underdark,5,1800,16,11,19,6,13,6,14,natural,114,12d10 + 48,0,30,0,0,0,0,false,120,0,0,0,,,CON,,,,,,Otyugh,SRD 5.1,,2,2,,
zY3W5MG7FjssENf6,Owlbear,monstrosity,,Large,Unaligned,Forest,3,700,20,12,17,3,12,7,13,natural,59,7d10 + 21,0,40,0,0,0,0,false,60,0,0,0,,prc,,,,,,,,SRD 5.1,,2,2,,
d0prpsGSAorDadec,Owl,beast,,Tiny,Unaligned,Forest,0,10,3,13,8,2,12,7,11,natural,1,1d4 - 1,0,5,60,0,0,0,false,120,0,0,0,,"prc, ste",,,,,,,,SRD 5.1,,0.5,0.5,,
AijNdqMurWxDxUSl,Panther,beast,,Medium,Unaligned,Grassland,0.25,50,14,15,10,3,14,7,12,natural,13,3d8,0,50,0,0,40,0,false,0,0,0,0,,"prc, ste",,,,,,,,SRD 5.1,,1,1,,
EIgAW1dWVPpyWLUh,Pegasus,celestial,,Large,Chaotic Good,Grassland,2,450,18,15,16,10,15,13,12,natural,59,7d10 + 21,0,60,90,0,0,0,false,0,0,0,0,,prc,"DEX, WIS, CHA",,,,,,"understands Celestial, Common, Elvish, and Sylvan but can't speak",SRD 5.1,,2,2,,
llSG0Hi4eGlRlQ4o,Phase Spider,monstrosity,,Large,Unaligned,Underdark,3,700,15,15,12,6,10,6,13,natural,32,5d10 + 5,0,30,0,0,30,0,false,60,0,0,0,,ste,,,,,,,,SRD 5.1,,2,2,,
RCv5y7iWlfNxkinx,Pit Fiend,fiend,Devil,Large,Lawful Evil,,20,25000,26,14,24,22,18,24,19,natural,300,24d10 + 168,0,30,60,0,0,0,false,0,0,0,120,,,"DEX, CON, WIS",,"bludgeoning, cold, piercing, slashing","fire, poison",poisoned,infernal,Telepathy 120 ft.,SRD 5.1,,2,2,,
XEByBLeOkDgL3mrr,Planetar,celestial,,Large,Lawful Good,,16,15000,24,20,24,19,22,25,19,natural,200,16d10 + 112,0,40,120,0,0,0,false,0,0,0,120,,prc,"CON, WIS, CHA",,"bludgeoning, piercing, radiant, slashing",,"charmed, exhaustion, frightened",,All; Telepathy 120 ft.,SRD 5.1,,2,2,,
4OeZZguYgJcsZoM9,Plesiosaurus,beast,,Large,Unaligned,Underwater,2,450,18,15,16,2,12,5,13,natural,68,8d10 + 24,0,20,0,40,0,0,false,0,0,0,0,,"prc, ste",,,,,,,,SRD 5.1,,2,2,,
D5rwVIxmfFrdyyxT,Poisonous Snake,beast,,Tiny,Unaligned,Grassland,0.125,25,2,16,11,1,10,3,13,natural,2,1d4,0,30,0,30,0,0,false,0,10,0,0,,,,,,,,,,SRD 5.1,,0.5,0.5,,
hb6pjvdCNYmLLp8V,Polar Bear,beast,,Large,Unaligned,Forest,2,450,20,10,16,2,13,7,12,natural,42,5d10 + 15,0,40,0,30,0,0,false,0,0,0,0,,prc,,,,,,,,SRD 5.1,,2,2,,
PHO4J98zK2p4KNyc,Pony,beast,,Medium,Unaligned,Urban,0.125,25,15,10,13,2,11,7,10,natural,11,2d8 + 2,0,40,0,0,0,0,false,0,0,0,0,,,,,,,,,,SRD 5.1,,1,1,,
PVD5wRdyO7iCJPs1,Priest,humanoid,Any Race,Medium,Any Alignment,,2,450,10,10,12,13,16,13,10,default,27,5d8 + 5,0,25,0,0,0,0,false,0,0,0,0,,"med, per, rel",,,,,,,any two languages,SRD 5.1,,1,1,,
fkCNtbvPOMd7mipF,Pseudodragon,dragon,,Tiny,Neutral Good,,0.25,50,6,15,13,10,12,10,13,natural,7,2d4+2,0,15,60,0,0,0,false,60,10,0,0,,"prc, ste",,,,,,"common, draconic",can't speak,SRD 5.1,,0.5,0.5,,
PtotS52HpHX596cZ,Purple Worm,monstrosity,,Gargantuan,Unaligned,Underdark,15,13000,28,7,22,1,8,4,18,natural,247,15d20 + 90,0,50,0,0,0,30,false,0,30,60,0,,,"CON, WIS",,,,,,,SRD 5.1,,4,4,,
bwtkdzavdNHISgp4,Quasit,fiend,"Demon, Shapechanger",Tiny,Chaotic Evil,,1,200,5,17,10,7,10,10,13,natural,7,3d4,0,40,0,0,0,0,false,120,0,0,0,,ste,,,"bludgeoning, cold, fire, lightning, piercing, slashing",poison,poisoned,"abyssal, common",,SRD 5.1,,0.5,0.5,,
nkyCGJ9wXeAZkyyz,Quipper,beast,,Tiny,Unaligned,Underwater,0,10,2,16,9,1,7,2,13,natural,1,1d4 - 1,0,0,0,40,0,0,false,60,0,0,0,,,,,,,,,,SRD 5.1,,0.5,0.5,,
qXzMsRTHEodqO8l2,Rakshasa,fiend,,Medium,Lawful Evil,Urban,13,10000,14,17,18,13,16,20,16,natural,110,13d8 + 52,0,40,0,0,0,0,false,60,0,0,0,,"dec, ins",,,,"bludgeoning, piercing, slashing",,"common, infernal",,SRD 5.1,,1,1,,
pozQUPTnLZW8epox,Rat,beast,,Tiny,Unaligned,Swamp,0,10,2,11,9,2,10,4,10,natural,1,1d4 - 1,0,20,0,0,0,0,false,30,0,0,0,,,,,,,,,,SRD 5.1,,0.5,0.5,,
LPdX5YLlwci0NDZx,Raven,beast,,Tiny,Unaligned,Swamp,0,10,2,14,8,2,12,6,12,natural,1,1d4 - 1,0,10,50,0,0,0,false,0,0,0,0,,prc,,,,,,,,SRD 5.1,,0.5,0.5,,
zgWkII3VoE4AHCND,Red Dragon Wyrmling,dragon,,Medium,Chaotic Evil,,4,1100,19,10,17,12,11,15,17,natural,75,10d8 + 30,0,30,60,0,30,0,false,60,10,0,0,,"prc, ste","DEX, CON, WIS, CHA",,,fire,,draconic,,SRD 5.1,,1,1,,
F0yILX4xKKt4dxKY,Reef Shark,beast,,Medium,Unaligned,Underwater,0.5,100,14,13,13,1,10,4,12,natural,22,4d8 + 4,0,0,0,40,0,0,false,0,30,0,0,,prc,,,,,,,,SRD 5.1,,1,1,,
VBzqw2rOUvTuNOPI,Remorhaz,monstrosity,,Huge,Unaligned,Arctic,11,7200,24,13,21,4,10,5,17,natural,195,17d12 + 85,0,30,0,0,0,20,false,60,0,60,0,,,,,,"cold, fire",,,,SRD 5.1,,3,3,,
SBCe2BSa6opTS5M4,Rhinoceros,beast,,Large,Unaligned,Grassland,2,450,21,8,15,2,12,6,11,natural,45,6d10 + 12,0,40,0,0,0,0,false,0,0,0,0,,,,,,,,,,SRD 5.1,,2,2,,
rz8UTUnFT87BsAFR,Riding Horse,beast,,Large,Unaligned,Grassland,0.25,50,16,10,12,2,11,7,10,natural,13,2d10 + 2,0,60,0,0,0,0,false,0,0,0,0,,,,,,,,,,SRD 5.1,,2,2,,
p980augbCIdpK9ZX,Roc,monstrosity,,Gargantuan,Unaligned,Mountain,11,7200,28,10,20,3,10,9,15,natural,248,16d20 + 80,0,20,120,0,0,0,false,0,0,0,0,,prc,"DEX, CON, WIS, CHA",,,,,,,SRD 5.1,,4,4,,
qZyLwdx7lj5d1wfD,Roper,monstrosity,,Large,Neutral Evil,Underdark,5,1800,18,8,17,7,16,6,20,natural,93,11d10 + 33,0,10,0,0,10,0,false,60,0,0,0,,"prc, ste",,,,,,,,SRD 5.1,,2,2,,
f6HaKROPIcBRmSd1,Rug of Smothering,construct,,Large,Unaligned,,2,450,17,14,10,1,3,1,12,natural,33,6d10,0,10,0,0,0,0,false,0,60,0,0,Blind beyond this radius,,,,,"poison, psychic","blinded, charmed, deafened, frightened, paralyzed, petrified, poisoned",,,SRD 5.1,,2,2,,
WJsxqbHU28D64lWT,Rust Monster,monstrosity,,Medium,Unaligned,Underdark,0.5,100,13,12,13,2,13,6,14,natural,27,5d8 + 5,0,40,0,0,0,0,false,60,0,0,0,,,,,,,,,,SRD 5.1,,1,1,,
tYYoifu9teGLetVI,Saber-Toothed Tiger,beast,,Large,Unaligned,Mountain,2,450,18,14,15,3,12,8,12,natural,52,7d10 + 14,0,40,0,0,0,0,false,0,0,0,0,,"prc, ste",,,,,,,,SRD 5.1,,2,2,,
lyNBFmJdbh4NLRzz,Sahuagin,humanoid,Sahuagin,Medium,Lawful Evil,Underwater,0.5,100,13,11,12,12,13,9,12,natural,22,4d8 + 4,0,30,0,40,0,0,false,120,0,0,0,,prc,,,,,,,Sahuagin,SRD 5.1,,1,1,,
yVNPVJIBpQ2Mp3Xa,Salamander,elemental,,Large,Neutral Evil,Underdark,5,1800,18,14,15,11,10,12,15,natural,90,12d10 + 24,0,30,0,0,0,0,false,60,0,0,0,,,,cold,"bludgeoning, piercing, slashing",fire,,ignan,,SRD 5.1,,2,2,,
8xhuJXYMnlQD7LF6,Satyr,fey,,Medium,Chaotic Neutral,Forest,0.5,100,12,16,11,12,10,14,10,default,31,7d8,0,40,0,0,0,0,false,0,0,0,0,,"prc, prf, ste",,,,,,"common, elvish, sylvan",,SRD 5.1,,1,1,,
Y0vxQVF7w2P38FK2,Scorpion,beast,,Tiny,Unaligned,Desert,0,10,2,11,8,1,8,2,11,natural,1,1d4 - 1,0,10,0,0,0,0,false,0,10,0,0,,,,,,,,,,SRD 5.1,,0.5,0.5,,
O3ABqI55Ir1du1Xa,Scout,humanoid,,Medium,Any Alignment,,0.5,100,11,14,12,11,13,11,10,default,16,3d8 + 3,0,30,0,0,0,0,false,0,0,0,0,,"nat, prc, ste, sur",,,,,,,any one language (usually Common),SRD 5.1,,1,1,,
OQqybZoMeDFn5AFD,Sea Hag,fey,,Medium,Chaotic Evil,Underwater,2,450,16,13,16,12,12,13,14,natural,52,7d8 + 21,0,30,0,40,0,0,false,60,0,0,0,,,,,,,,"aquan, common, giant",,SRD 5.1,,1,1,,
FWSDiq9SZsdiBAa8,Sea Horse,beast,,Tiny,Unaligned,,0,10,1,12,8,1,10,2,11,natural,1,1d4 - 1,0,0,0,20,0,0,false,0,0,0,0,,,,,,,,,,SRD 5.1,,0.5,0.5,,
QGcQYZbVl4bWzi4E,Shadow,undead,,Medium,Chaotic Evil,Underdark,0.5,100,6,14,13,6,10,8,12,natural,16,3d8 + 3,0,40,0,0,0,0,false,60,0,0,0,,ste,,radiant,"acid, bludgeoning, cold, fire, lightning, piercing, slashing, thunder","necrotic, poison","frightened, grappled, paralyzed, petrified, poisoned, prone, restrained, exhaustion",,,SRD 5.1,,1,1,,
gGeLeV411iQ5Yijs,Shambling Mound,plant,,Large,Unaligned,Forest,5,1800,18,8,16,5,10,5,15,natural,136,16d10 + 48,0,20,0,20,0,0,false,0,60,0,0,Blind beyond this radius,ste,,,"cold, fire",lightning,"blinded, deafened, exhaustion",,,SRD 5.1,,2,2,,
z85EsGS2GVWj46qE,Shield Guardian,construct,,Large,Unaligned,Urban,7,2900,18,8,18,7,10,3,17,natural,142,15d10 + 60,0,30,0,0,0,0,false,60,10,0,0,,,,,,poison,"charmed, frightened, paralyzed, poisoned, exhaustion",,understands commands given in any language but can't speak,SRD 5.1,,2,2,,
TaK6nQMGqZ0y8gt7,Shrieker,plant,,Medium,Unaligned,Underdark,0,10,1,1,10,1,3,1,5,natural,13,3d8,0,0,0,0,0,0,false,0,30,0,0,Blind beyond this radius,,,,,,"blinded, deafened, frightened",,,SRD 5.1,,1,1,,
J1QVPd8POvcPaqx4,Silver Dragon Wyrmling,dragon,,Medium,Lawful Good,,2,450,19,10,17,12,11,15,17,natural,45,6d8 + 18,0,30,60,0,0,0,false,10,10,0,0,,"prc, ste","DEX, CON, WIS, CHA",,,cold,,draconic,,SRD 5.1,,1,1,,
nU8GN8La8DCt8SDb,Skeleton,undead,,Medium,Lawful Evil,Urban,0.25,50,10,14,15,6,8,5,13,natural,13,2d8 + 4,0,30,0,0,0,0,false,60,0,0,0,,,,bludgeoning,,poison,"poisoned, exhaustion",,Understands all languages it knew in life but can't speak,SRD 5.1,,1,1,,
lOYt73eaJojBDxAV,Solar,celestial,,Large,Lawful Good,,21,33000,26,22,26,25,25,30,21,natural,243,18d10 + 144,0,50,150,0,0,0,false,0,0,0,120,,prc,"INT, WIS, CHA",,"bludgeoning, piercing, radiant, slashing","necrotic, poison","charmed, exhaustion, frightened, poisoned",,All; Telepathy 120 ft.,SRD 5.1,,2,2,,
PuPo4H4Dcxigf0fY,Specter,undead,,Medium,Chaotic Evil,Underdark,1,200,1,14,11,10,10,11,12,natural,22,5d8,0,30,0,0,0,0,false,60,0,0,0,,,,,"acid, bludgeoning, cold, fire, lightning, piercing, slashing, thunder","necrotic, poison","charmed, grappled, paralyzed, petrified, poisoned, prone, restrained, unconscious, exhaustion",,Understands all languages it knew in life but can't speak,SRD 5.1,,1,1,,
28gU50HtG8Kp7uIz,Spider,beast,,Tiny,Unaligned,,0,10,2,14,8,1,10,2,12,natural,1,1d4 - 1,0,20,0,0,20,0,false,30,0,0,0,,ste,,,,,,,,SRD 5.1,,0.5,0.5,,
BAT6ld8qJZetpycL,Spirit Naga,monstrosity,,Large,Chaotic Evil,Underdark,8,3900,18,17,14,16,15,16,15,natural,75,10d10 + 20,0,40,0,0,0,0,false,60,0,0,0,,,"DEX, CON, WIS, CHA",,,poison,"charmed, poisoned","abyssal, common",,SRD 5.1,,2,2,,
MUpBNDoJEr09bLaO,Sprite,fey,,Tiny,Neutral Good,Forest,0.25,50,3,18,10,14,13,11,10,default,2,1d4,0,10,40,0,0,0,false,0,0,0,0,,"prc, ste",,,,,,"common, elvish, sylvan",,SRD 5.1,,0.5,0.5,,
13K3XK2A3wwxVKLD,Spy,humanoid,Any Race,Medium,Any Alignment,,1,200,10,15,10,12,14,16,12,natural,27,6d8,0,30,0,0,0,0,false,0,0,0,0,,"dec, ins, inv, prc, per, slt, ste",,,,,,,any two,SRD 5.1,,1,1,,
UthHOT7QfZfEIUue,Steam Mephit,elemental,,Small,Neutral Evil,Underwater,0.25,50,5,11,10,11,10,12,10,natural,21,6d6,0,30,30,0,0,0,false,0,0,0,0,,,,,,"fire, poison",poisoned,"aquan, ignan",,SRD 5.1,,1,1,,
gKRtiMNAjZiCVfwz,Stirge,beast,,Tiny,Unaligned,Grassland,0.125,25,4,16,11,2,8,6,14,natural,2,1d4,0,10,40,0,0,0,false,60,0,0,0,,,,,,,,,,SRD 5.1,,0.5,0.5,,
SOin81NWijHRvXFK,Stone Giant,giant,,Huge,Neutral,Underdark,7,2900,23,15,20,10,12,9,17,natural,126,11d12 + 55,0,40,0,0,0,0,false,60,0,0,0,,"ath, prc","DEX, CON, WIS",,,,,giant,,SRD 5.1,,3,3,,
z3gSIXHHWYaHjfBT,Stone Golem,construct,,Large,Unaligned,,10,5900,22,9,20,3,11,1,17,natural,178,17d10 + 85,0,30,0,0,0,0,false,120,0,0,0,,,,,,"bludgeoning, piercing, poison, psychic, slashing","charmed, exhaustion, frightened, paralyzed, petrified, poisoned",,understands the languages of its creator but can't speak,SRD 5.1,,2,2,,
68bAMIpe4jvDeR9G,Storm Giant,giant,,Huge,Chaotic Good,Coastal,13,10000,29,14,20,16,18,18,10,default,230,20d12 + 100,0,50,0,50,0,0,false,0,0,0,0,,"arc, ath, his, prc","STR, CON, WIS, CHA",,cold,"lightning, thunder",,"common, giant",,SRD 5.1,,3,3,,
VmdyZDjqAc8vdncY,Succubus/Incubus,fiend,Shapechanger,Medium,neutral evil,,4,1100,8,17,13,15,12,20,15,natural,66,12d8 + 12,0,30,60,0,0,0,false,60,0,0,0,,"dec, ins, prc, per, ste",,,"bludgeoning, cold, fire, lightning, piercing, poison, slashing",,,"abyssal, common, infernal",Telepathy 60 ft.,SRD 5.1,,1,1,,
PcZ0QjIG6bHpffp9,Swarm of Bats,beast,,Medium,Unaligned,,0.25,50,5,15,10,2,12,4,12,natural,22,5d8,0,0,30,0,0,0,false,0,60,0,0,,,,,"bludgeoning, piercing, slashing",,"charmed, frightened, grappled, paralyzed, petrified, prone, restrained, stunned",,,SRD 5.1,,1,1,,
dZZFmG8LiBlgWi76,Swarm of Beetles,beast,,Medium,Unaligned,Underdark,0.5,100,3,13,10,1,7,1,12,natural,22,5d8,0,20,0,0,20,5,false,0,10,0,0,,,,,"bludgeoning, piercing, slashing",,"charmed, frightened, grappled, paralyzed, petrified, prone, restrained, stunned",,,SRD 5.1,,1,1,,
KC4tYOolARhajP18,Swarm of Centipedes,beast,,Medium,Unaligned,Underdark,0.5,100,3,13,10,1,7,1,12,natural,22,5d8,0,20,0,0,20,0,false,0,10,0,0,,,,,"bludgeoning, piercing, slashing",,"charmed, frightened, grappled, paralyzed, petrified, prone, restrained, stunned",,,SRD 5.1,,1,1,,
S0zDrv6lbnwWaz9E,Swarm of Insects,beast,,Medium,Unaligned,Underdark,0.5,100,3,13,10,1,7,1,12,natural,22,5d8,0,20,0,0,20,0,false,0,10,0,0,,,,,"bludgeoning, piercing, slashing",,"charmed, frightened, grappled, paralyzed, petrified, prone, restrained, stunned",,,SRD 5.1,,1,1,,
XfQMBoTh892XSnCX,Swarm of Poisonous Snakes,beast,,Medium,Unaligned,Forest,2,450,8,18,11,1,10,3,14,natural,36,8d8,0,30,0,30,0,0,false,0,10,0,0,,,,,"bludgeoning, piercing, slashing",,"charmed, frightened, grappled, paralyzed, petrified, prone, restrained, stunned",,,SRD 5.1,,1,1,,
KXG5XLIwKhn1V0Y5,Swarm of Quippers,beast,,Medium,Unaligned,Underwater,1,200,13,16,9,1,7,2,13,natural,28,8d8 - 8,0,0,0,40,0,0,false,60,0,0,0,,,,,"bludgeoning, piercing, slashing",,"charmed, frightened, grappled, paralyzed, petrified, prone, restrained, stunned",,,SRD 5.1,,1,1,,
8ihbbjkaOFTPbI73,Swarm of Rats,beast,,Medium,Unaligned,Swamp,0.25,50,9,11,9,2,10,3,10,natural,24,7d8 - 7,0,30,0,0,0,0,false,30,0,0,0,,,,,"bludgeoning, piercing, slashing",,"charmed, frightened, grappled, paralyzed, petrified, prone, restrained, stunned",,,SRD 5.1,,1,1,,
g40zN6xMye6bSS94,Swarm of Ravens,beast,,Medium,Unaligned,Forest,0.25,50,6,14,8,3,12,6,12,natural,24,7d8 - 7,0,10,50,0,0,0,false,0,0,0,0,,prc,,,"bludgeoning, piercing, slashing",,"charmed, frightened, grappled, paralyzed, petrified, prone, restrained, stunned",,,SRD 5.1,,1,1,,
4udpeEneFSZK9NTB,Swarm of Spiders,beast,,Medium,Unaligned,Underdark,0.5,100,3,13,10,1,7,1,12,natural,22,5d8,0,20,0,0,20,0,false,0,10,0,0,,,,,"bludgeoning, piercing, slashing",,"charmed, frightened, grappled, paralyzed, petrified, prone, restrained, stunned",,,SRD 5.1,,1,1,,
YUaprnengdFDNG8P,Swarm of Wasps,beast,,Medium,Unaligned,Underdark,0.5,100,3,13,10,1,7,1,12,natural,22,5d8,0,5,30,0,0,0,false,0,10,0,0,,,,,"bludgeoning, piercing, slashing",,"charmed, frightened, grappled, paralyzed, petrified, prone, restrained, stunned",,,SRD 5.1,,1,1,,
KCvt4FdOVJbuZ3T0,Tarrasque,monstrosity,Titan,Gargantuan,Unaligned,Urban,30,155000,30,11,30,3,11,11,25,natural,676,33d20 + 330,0,40,0,0,0,0,false,0,120,0,0,,,"INT, WIS, CHA",,,"bludgeoning, fire, piercing, poison, slashing","charmed, frightened, paralyzed, poisoned",,,SRD 5.1,,4,4,,
Cy3A0rsNMPLZozam,Thug,humanoid,,Medium,Any non-good alignment,,0.5,100,15,11,14,10,10,11,10,default,32,5d8 + 10,0,30,0,0,0,0,false,0,0,0,0,,itm,,,,,,,any one language (usually Common),SRD 5.1,,1,1,,
FayqbnjBMszO6Pat,Tiger,beast,,Large,Unaligned,Grassland,1,200,17,15,14,3,12,8,12,natural,37,5d10 + 10,0,40,0,0,0,0,false,60,0,0,0,,"prc, ste",,,,,,,,SRD 5.1,,2,2,,
NB6wUgVqeOQtsQKu,Treant,plant,,Huge,Chaotic Good,Forest,9,5000,23,8,21,12,16,12,16,natural,138,12d12 + 60,0,30,0,0,0,0,false,0,0,0,0,,,,fire,"bludgeoning, piercing",,,"common, druidic, elvish, sylvan",,SRD 5.1,,3,3,,
nREPw9g94Bsb9sIl,Tribal Warrior,humanoid,,Medium,any alignment,,0.125,25,13,11,12,8,11,8,10,default,11,2d8 + 2,0,30,0,0,0,0,false,0,0,0,0,,,,,,,,,any one language,SRD 5.1,,1,1,,
e5IQxSJO7ySEDdSH,Triceratops,beast,,Huge,Unaligned,Grassland,5,1800,22,9,17,2,11,5,13,natural,95,10d12 + 30,0,50,0,0,0,0,false,0,0,0,0,,,,,,,,,,SRD 5.1,,3,3,,
ZHAFrnCwCz17dmLc,Troll,giant,,Large,Chaotic Evil,Underdark,5,1800,18,13,20,7,9,7,15,natural,84,8d10 + 40,0,30,0,0,0,0,false,60,0,0,0,,prc,,,,,,giant,,SRD 5.1,,2,2,,
HlddcPm4cWptj3ka,Tyrannosaurus Rex,beast,,Huge,Unaligned,Grassland,8,3900,25,10,19,2,12,9,13,natural,136,13d12 + 52,0,50,0,0,0,0,false,0,0,0,0,,prc,,,,,,,,SRD 5.1,,3,3,,
G9PENY6nw0xRxCJW,Unicorn,celestial,,Large,Lawful Good,Forest,5,1800,18,14,15,11,17,16,12,natural,67,9d10 + 18,0,50,0,0,0,0,false,60,0,0,0,,,,,,poison,"charmed, paralyzed, poisoned","celestial, elvish, sylvan",Telepathy 60 ft.,SRD 5.1,,2,2,,
BTQz2q4JJVQn8W5W,Unseen Servant,,,Medium,,,0,10,2,0,0,0,0,0,10,flat,1,,0,15,0,0,0,0,false,0,0,0,0,,,,,,,,,,SRD 5.1,,1,1,,
DDO9lDCDtNHkfShP,Vampire,undead,Shapechanger,Medium,Lawful Evil,Urban,13,10000,18,18,18,17,15,18,16,natural,144,17d8 + 68,0,30,0,0,0,0,false,120,0,0,0,,"prc, ste","DEX, WIS, CHA",,"bludgeoning, necrotic, piercing, slashing",,,,the languages it knew in life,SRD 5.1,,1,1,,
zpaZb7I8alY32vWV,Vampire Spawn,undead,,Medium,Neutral Evil,Underdark,5,1800,16,16,16,11,10,12,15,natural,82,11d8 + 33,0,30,0,0,0,0,false,60,0,0,0,,"prc, ste","DEX, WIS",,"bludgeoning, necrotic, piercing, slashing",,,,the languages it knew in life,SRD 5.1,,1,1,,
J8xjoG4Dxb8WkHtV,Veteran,humanoid,Any Race,Medium,Any Alignment,,3,700,16,13,14,10,11,10,10,default,58,9d8 + 18,0,30,0,0,0,0,false,0,0,0,0,,"ath, prc",,,,,,,any one language (usually Common),SRD 5.1,,1,1,,
7EmUVycEASn7SFL0,Violet Fungus,plant,,Medium,Unaligned,Underdark,0.25,50,3,1,10,1,3,1,5,natural,18,4d8,0,5,0,0,0,0,false,0,30,0,0,Blind beyond this radius,,,,,,"blinded, deafened, frightened",,,SRD 5.1,,1,1,,
6oc29m5uzzzb0pk3,Vrock,fiend,Demon,Large,Chaotic Evil,,6,2300,17,15,18,8,13,8,15,natural,104,11d10 + 44,0,40,60,0,0,0,false,120,0,0,0,,,"DEX, WIS, CHA",,"bludgeoning, cold, fire, lightning, piercing, slashing",poison,poisoned,abyssal,telepathy 120 ft.,SRD 5.1,,2,2,,
fkJ8Z8zi2JtlcHh9,Vulture,beast,,Medium,Unaligned,Grassland,0,10,7,10,13,2,12,4,10,natural,5,1d8 + 1,0,10,50,0,0,0,false,0,0,0,0,,prc,,,,,,,,SRD 5.1,,1,1,,
7KJ5vjnp0FJrdu6T,Warhorse Skeleton,undead,,Large,Lawful Evil,,0.5,100,18,12,15,2,8,5,13,natural,22,3d10 + 6,0,60,0,0,0,0,false,60,0,0,0,,,,bludgeoning,,poison,"poisoned, exhaustion",,,SRD 5.1,,2,2,,
T1xZTDCGuvMBSq8d,Warhorse,beast,,Large,Unaligned,Urban,0.5,100,18,12,13,2,12,7,11,natural,19,3d10 + 3,0,60,0,0,0,0,false,0,0,0,0,,,,,,,,,,SRD 5.1,,2,2,,
namJz755U1EhvEJa,Water Elemental,elemental,,Large,Neutral,Underwater,5,1800,18,14,18,5,10,8,14,natural,114,12d10 + 48,0,30,0,90,0,0,false,60,0,0,0,,,,,"acid, bludgeoning, piercing, slashing",poison,"grappled, paralyzed, petrified, poisoned, prone, restrained, unconscious, exhaustion",aquan,,SRD 5.1,,2,2,,
WOdeacKCYVhgLDuN,Weasel,beast,,Tiny,Unaligned,,0,10,3,16,8,2,12,3,13,natural,1,1d4 - 1,0,30,0,0,0,0,false,0,0,0,0,,"prc, ste",,,,,,,,SRD 5.1,,0.5,0.5,,
oRBnO5OHoOZzlCOr,Werebear,humanoid,"Human, Shapechanger",Medium,Neutral Good,Forest,5,1800,19,10,17,11,12,12,10,natural,135,18d8 + 54,0,40,0,0,30,0,false,0,0,0,0,,prc,,,,"bludgeoning, piercing, slashing",,common,(can't speak in bear form),SRD 5.1,,1,1,,
J9hgSaZODGjrNl9B,Wereboar,humanoid,"Human, Shapechanger",Medium,Neutral Evil,Grassland,4,1100,17,10,15,10,11,8,10,default,78,12d8 + 24,0,40,0,0,0,0,false,0,0,0,0,,prc,,,,"bludgeoning, piercing, slashing",,common,(can't speak in boar form),SRD 5.1,,1,1,,
CrnUJhTbkdZjCZsH,Wererat,humanoid,"Human, Shapechanger",Medium,Lawful Evil,Forest,2,450,10,15,12,11,10,8,12,natural,33,6d8 + 6,0,30,0,0,0,0,false,60,0,0,0,,"prc, ste",,,,"bludgeoning, piercing, slashing",,common,(can't speak in rat form),SRD 5.1,,1,1,,
zIr3NaNF0mWz5Ahq,Weretiger,humanoid,"Human, Shapechanger",Medium,Neutral,Grassland,4,1100,17,15,16,10,13,11,12,natural,120,16d8 + 48,0,40,0,0,0,0,false,60,0,0,0,,"prc, ste",,,,"bludgeoning, piercing, slashing",,common,(can't speak in tiger form),SRD 5.1,,1,1,,
7tRhrxuknTpHpYcA,Werewolf,humanoid,"Human, Shapechanger",Medium,Chaotic Evil,Forest,3,700,15,13,14,10,11,10,11,natural,58,9d8 + 18,0,40,0,0,0,0,false,0,0,0,0,,"prc, ste",,,,"bludgeoning, piercing, slashing",,common,(can't speak in wolf form),SRD 5.1,,1,1,,
vc2TAgIuq4yInjbf,White Dragon Wyrmling,dragon,,Medium,Chaotic Evil,,2,450,14,10,14,5,10,11,16,natural,32,5d8 + 10,0,30,60,30,0,15,false,60,10,0,0,,"prc, ste","DEX, CON, WIS, CHA",,,cold,,draconic,,SRD 5.1,,1,1,,
rbyp54px2D0ql4QK,Wight,undead,,Medium,Neutral Evil,Underdark,3,700,15,14,16,10,13,15,10,default,45,6d8 + 18,0,30,0,0,0,0,false,60,0,0,0,,"prc, ste",,,"bludgeoning, necrotic, piercing, slashing",poison,"poisoned, exhaustion",,the languages it knew in life,SRD 5.1,,1,1,,
8KSVpQZyzius93ko,Will-o'-Wisp,undead,,Tiny,Chaotic Evil,Forest,2,450,1,28,10,13,14,11,19,natural,22,9d4,0,30,0,0,0,0,false,120,0,0,0,,,,,"acid, bludgeoning, cold, fire, necrotic, piercing, slashing, thunder","lightning, poison","grappled, paralyzed, poisoned, prone, restrained, unconscious, exhaustion",,Languages it knew in life,SRD 5.1,,0.5,0.5,,
yGTh874etxUckmAf,Winter Wolf,monstrosity,,Large,Neutral Evil,Arctic,3,700,18,13,14,7,12,8,13,natural,75,10d10 + 20,0,50,0,0,0,0,false,0,0,0,0,,"prc, ste",,,,cold,,"common, giant, custom",Winter Wolf,SRD 5.1,,2,2,,
yawTeS8u2FCfzzZH,Wolf,beast,,Medium,Unaligned,Grassland,0.25,50,12,15,12,3,12,6,13,natural,11,2d8 + 2,0,40,0,0,0,0,false,0,0,0,0,,"prc, ste",,,,,,,,SRD 5.1,,1,1,,
VBkp2rGQKvMcCOus,Worg,monstrosity,,Large,Neutral Evil,Grassland,0.5,100,16,13,13,7,11,8,13,natural,26,4d10 + 4,0,50,0,0,0,0,false,60,0,0,0,,prc,,,,,,"goblin, custom",Worg,SRD 5.1,,2,2,,
ET4PEVEiNJLU4f7c,Wraith,undead,,Medium,Neutral Evil,Underdark,5,1800,6,16,16,12,14,15,13,natural,67,9d8 + 27,0,0,60,0,0,0,true,60,0,0,0,,,,,"acid, bludgeoning, cold, fire, lightning, piercing, slashing, thunder","necrotic, poison","charmed, grappled, paralyzed, petrified, poisoned, prone, restrained, exhaustion",,the languages it knew in life,SRD 5.1,,1,1,,
7198siHjPJf8g0cG,Wyvern,dragon,,Large,Unaligned,Mountain,6,2300,19,10,16,5,12,6,13,natural,110,13d10 + 39,0,20,80,0,0,0,false,60,0,0,0,,prc,,,,,,,,SRD 5.1,,2,2,,
2MZNHeOZweXAYbv1,Xorn,elemental,,Medium,Neutral,Underdark,5,1800,17,10,22,11,10,11,19,natural,73,7d8 + 42,0,20,0,0,0,20,false,60,0,60,0,,"prc, ste",,,"piercing, slashing",,,terran,,SRD 5.1,,1,1,,
bcapsJdIhY5WktpT,Young Black Dragon,dragon,,Large,Chaotic Evil,Swamp,7,2900,19,14,17,12,11,15,18,natural,127,15d10 + 45,0,40,80,40,0,0,false,120,30,0,0,,"prc, ste","DEX, CON, WIS, CHA",,,acid,,"common, draconic",,SRD 5.1,,2,2,,
mNijwXPMhwR7yYfc,Young Blue Dragon,dragon,,Large,Lawful Evil,Desert,9,5000,21,10,19,14,13,17,18,natural,152,16d10 + 64,0,40,80,0,0,40,false,120,30,0,0,,"prc, ste","DEX, CON, WIS, CHA",,,lightning,,"common, draconic",,SRD 5.1,,2,2,,
FzvZ6xl3U9GoL9ju,Young Brass Dragon,dragon,,Large,Chaotic Good,Desert,6,2300,19,10,17,12,11,15,17,natural,110,13d10 + 39,0,40,80,0,0,20,false,120,30,0,0,,"prc, per, ste","DEX, CON, WIS, CHA",,,fire,,"common, draconic",,SRD 5.1,,2,2,,
NmQLj0zv4FmfuSan,Young Bronze Dragon,dragon,,Large,Lawful Good,Coastal,8,3900,21,10,19,14,13,17,18,natural,142,15d10 + 60,0,40,80,40,0,0,false,120,30,0,0,,"ins, prc, ste","DEX, CON, WIS, CHA",,,lightning,,"common, draconic",,SRD 5.1,,2,2,,
qW8cBwg7ghCA4Cw6,Young Copper Dragon,dragon,,Large,Chaotic Good,Hill,7,2900,19,12,17,16,13,15,17,natural,119,14d10 + 42,0,40,80,0,40,0,false,120,30,0,0,,"dec, prc, ste","DEX, CON, WIS, CHA",,,acid,,"common, draconic",,SRD 5.1,,2,2,,
QSytPah5WKoFJ1zt,Young Gold Dragon,dragon,,Large,Lawful Good,Grassland,10,5900,23,14,21,16,13,20,18,natural,178,17d10 + 85,0,40,80,40,0,0,false,120,30,0,0,,"ins, prc, per, ste","DEX, CON, WIS, CHA",,,fire,,"common, draconic",,SRD 5.1,,2,2,,
85ahD1jEo9B3POaQ,Young Green Dragon,dragon,,Large,Lawful Evil,Forest,8,3900,19,12,17,16,13,15,18,natural,136,16d10 + 48,0,40,80,40,0,0,false,120,30,0,0,,"dec, prc, ste","DEX, CON, WIS, CHA",,,poison,poisoned,"common, draconic",,SRD 5.1,,2,2,,
qrasJNDC7SGj7xzG,Young Red Dragon,dragon,,Large,Chaotic Evil,Mountain,10,5900,23,10,21,14,11,19,18,natural,178,17d10 + 85,0,40,80,0,40,0,false,120,30,0,0,,"prc, ste","DEX, CON, WIS, CHA",,,fire,,"common, draconic",,SRD 5.1,,2,2,,
eykRfV85DQJoCkmc,Young Silver Dragon,dragon,,Large,Lawful Good,Mountain,9,5000,23,10,21,14,11,19,18,natural,168,16d10 + 80,0,40,80,0,0,0,false,120,30,0,0,,"arc, his, prc, ste","DEX, CON, WIS, CHA",,,cold,,"common, draconic",,SRD 5.1,,2,2,,
u1UQfHutP5eEKkjM,Young White Dragon,dragon,,Large,Chaotic Evil,Arctic,6,2300,18,10,18,6,11,12,17,natural,133,14d10 + 56,0,40,80,40,0,20,false,120,30,0,0,,"prc, ste","DEX, CON, WIS, CHA",,,cold,,"common, draconic",,SRD 5.1,,2,2,,
NAISFPoNNgUCsEyW,Zombie,undead,,Medium,Neutral Evil,Urban,0.25,50,13,6,16,3,6,5,8,natural,22,3d8 + 9,0,20,0,0,0,0,false,60,0,0,0,,,WIS,,,poison,poisoned,,understands the languages it knew in life but can't speak,SRD 5.1,,1,1,,